label,x0,y0,z0,x1,y1,z1,x2,y2,z2,x3,y3,z3,x4,y4,z4,x5,y5,z5,x6,y6,z6,x7,y7,z7,x8,y8,z8,x9,y9,z9,x10,y10,z10,x11,y11,z11,x12,y12,z12,x13,y13,z13,x14,y14,z14,x15,y15,z15,x16,y16,z16,x17,y17,z17,x18,y18,z18,x19,y19,z19,x20,y20,z20
A,0.216991,0.772113,-0.0,0.31072,0.678472,-0.01416,0.358991,0.520108,-0.017875,0.384914,0.404807,-0.023786,0.433486,0.339972,-0.021731,0.29914,0.430374,-0.010199,0.333989,0.370211,-0.035737,0.324429,0.476737,-0.037581,0.301334,0.496194,-0.037763,0.23283,0.433904,-0.020148,0.281065,0.370193,-0.057225,0.280445,0.494569,-0.062201,0.25554,0.50952,-0.059937,0.174767,0.466707,-0.032808,0.218997,0.399632,-0.076985,0.236775,0.522783,-0.059897,0.210669,0.542994,-0.039897,0.118203,0.501129,-0.045339,0.164207,0.456558,-0.074584,0.186476,0.53026,-0.057785,0.166538,0.545637,-0.040068
A,0.21595,0.773522,-0.0,0.309656,0.67938,-0.014373,0.358109,0.521206,-0.017736,0.383262,0.405061,-0.023003,0.431857,0.340776,-0.019823,0.300244,0.431605,-0.011057,0.333433,0.369868,-0.036237,0.32314,0.477589,-0.037069,0.300221,0.494736,-0.036715,0.233188,0.433881,-0.020745,0.28014,0.369884,-0.057005,0.279564,0.49569,-0.060962,0.255419,0.506506,-0.058433,0.174844,0.466703,-0.033089,0.217346,0.399546,-0.076697,0.235514,0.523346,-0.0588,0.209594,0.539402,-0.038716,0.118016,0.500482,-0.045328,0.162093,0.456884,-0.073783,0.184703,0.530103,-0.056464,0.164574,0.542553,-0.038728
A,0.215491,0.777363,-0.0,0.308955,0.679821,-0.017016,0.355769,0.520842,-0.020043,0.380044,0.406444,-0.024558,0.427051,0.342494,-0.02013,0.297312,0.430567,-0.012343,0.32721,0.366958,-0.037643,0.320282,0.474584,-0.038243,0.298446,0.492143,-0.037246,0.230176,0.435206,-0.020463,0.27531,0.372687,-0.055401,0.277764,0.497319,-0.058921,0.254132,0.505953,-0.056141,0.172582,0.468839,-0.031747,0.212792,0.400331,-0.074895,0.234078,0.524104,-0.057677,0.208203,0.540313,-0.038019,0.116438,0.502957,-0.043313,0.160643,0.457993,-0.071669,0.184187,0.530152,-0.054698,0.162831,0.544296,-0.036957
A,0.212016,0.77494,-0.0,0.306694,0.676336,-0.018677,0.353816,0.5182,-0.022137,0.378773,0.40503,-0.026932,0.425998,0.340114,-0.022442,0.295066,0.429466,-0.011259,0.325752,0.365721,-0.038469,0.318981,0.472961,-0.040511,0.296228,0.489962,-0.040103,0.228722,0.433594,-0.018866,0.273112,0.372564,-0.055517,0.27575,0.497603,-0.060109,0.252229,0.504526,-0.057765,0.170903,0.466998,-0.030181,0.21073,0.40121,-0.075138,0.231132,0.524791,-0.05855,0.20471,0.537908,-0.038835,0.114061,0.501307,-0.041938,0.157959,0.459265,-0.071226,0.179999,0.530264,-0.054555,0.156287,0.54082,-0.036808
A,0.207394,0.776113,-1e-06,0.304615,0.678635,-0.018881,0.352779,0.51475,-0.022062,0.378144,0.398677,-0.026009,0.429551,0.338539,-0.020024,0.292197,0.423605,-0.014686,0.326277,0.361205,-0.041357,0.315822,0.473232,-0.042047,0.292651,0.48859,-0.041379,0.221528,0.427824,-0.021808,0.271896,0.367613,-0.059716,0.272672,0.495418,-0.063981,0.248146,0.502413,-0.061345,0.163364,0.463556,-0.03209,0.207616,0.397685,-0.076254,0.228393,0.522832,-0.058623,0.200473,0.536659,-0.038745,0.10919,0.499167,-0.042911,0.155848,0.460684,-0.071151,0.177998,0.532135,-0.054521,0.153019,0.540499,-0.037263
A,0.207797,0.775941,-1e-06,0.305183,0.676135,-0.018228,0.352961,0.512812,-0.021501,0.379422,0.396071,-0.025902,0.433249,0.336315,-0.020697,0.290928,0.423607,-0.012566,0.325235,0.361753,-0.038921,0.314208,0.474582,-0.040455,0.289466,0.489466,-0.040503,0.22032,0.42954,-0.019565,0.271912,0.368897,-0.056739,0.272946,0.497095,-0.061208,0.247307,0.50507,-0.058837,0.162754,0.466571,-0.029764,0.207519,0.397756,-0.073041,0.229144,0.522498,-0.055276,0.199919,0.537978,-0.035341,0.108913,0.50178,-0.040478,0.156252,0.459943,-0.067663,0.179296,0.530513,-0.050643,0.153897,0.54047,-0.033242
A,0.213619,0.779582,-1e-06,0.308608,0.677359,-0.01535,0.353965,0.515435,-0.018006,0.377641,0.400547,-0.022111,0.428113,0.3392,-0.017162,0.291368,0.427507,-0.01294,0.326044,0.366362,-0.038029,0.3165,0.474762,-0.038933,0.291347,0.490513,-0.038926,0.221966,0.432235,-0.021856,0.27044,0.370587,-0.056656,0.272429,0.496233,-0.060208,0.24691,0.505302,-0.058291,0.163933,0.467584,-0.033544,0.206534,0.399242,-0.075323,0.228864,0.522884,-0.057547,0.201334,0.539334,-0.038534,0.108512,0.503906,-0.045469,0.152277,0.458492,-0.072639,0.177509,0.528709,-0.055749,0.156057,0.541323,-0.038919
A,0.212172,0.779029,-0.0,0.307116,0.679969,-0.016601,0.354063,0.518963,-0.020361,0.378944,0.405993,-0.025494,0.426807,0.341685,-0.021894,0.292164,0.427575,-0.015852,0.32589,0.366885,-0.041946,0.317538,0.475572,-0.042586,0.294142,0.492721,-0.042008,0.223387,0.432798,-0.024724,0.272263,0.371704,-0.061809,0.27412,0.49813,-0.065881,0.249221,0.507768,-0.063593,0.165187,0.467847,-0.036282,0.209244,0.400283,-0.080367,0.229543,0.52462,-0.062216,0.202146,0.540821,-0.042255,0.108685,0.503781,-0.048028,0.154217,0.459157,-0.077017,0.178094,0.532244,-0.059572,0.156631,0.546053,-0.041771
A,0.213233,0.777933,-0.0,0.306798,0.681545,-0.016498,0.353342,0.522085,-0.020455,0.378534,0.408026,-0.026117,0.426482,0.344013,-0.0233,0.293704,0.428727,-0.012254,0.326804,0.369519,-0.038566,0.317911,0.476288,-0.040062,0.29507,0.495384,-0.039851,0.226501,0.433792,-0.021187,0.273374,0.371807,-0.059371,0.274381,0.497409,-0.064174,0.2508,0.510997,-0.061608,0.168446,0.467917,-0.03308,0.210986,0.401535,-0.078306,0.230368,0.525511,-0.06098,0.204951,0.544882,-0.040734,0.111288,0.503309,-0.045112,0.15541,0.459592,-0.074843,0.17888,0.532894,-0.058165,0.159956,0.547632,-0.040484
A,0.213169,0.781029,-0.0,0.308765,0.681604,-0.016152,0.35488,0.520157,-0.01903,0.379503,0.406361,-0.023643,0.428556,0.342883,-0.019342,0.294018,0.429939,-0.010995,0.326714,0.36793,-0.037808,0.318548,0.476158,-0.039615,0.295664,0.493893,-0.039387,0.225337,0.434327,-0.019931,0.273374,0.373664,-0.056917,0.274655,0.500286,-0.061351,0.249931,0.50935,-0.058868,0.166892,0.468207,-0.032118,0.210793,0.401728,-0.076733,0.230594,0.52697,-0.059193,0.20334,0.542546,-0.039009,0.110435,0.503697,-0.04452,0.157036,0.459186,-0.073531,0.180087,0.532964,-0.056019,0.157373,0.546401,-0.037763
A,0.21072,0.778261,-1e-06,0.306482,0.678776,-0.016306,0.354583,0.515683,-0.019557,0.379653,0.400729,-0.02385,0.431638,0.339155,-0.018776,0.292456,0.425456,-0.015844,0.327889,0.366064,-0.041451,0.317159,0.476327,-0.041568,0.291135,0.48866,-0.041086,0.221763,0.429807,-0.024453,0.273208,0.372102,-0.060565,0.274192,0.500041,-0.06406,0.247299,0.50463,-0.062008,0.163543,0.465682,-0.035641,0.208487,0.400322,-0.078787,0.229986,0.526176,-0.060397,0.200709,0.538923,-0.040832,0.108404,0.501573,-0.047005,0.154503,0.459662,-0.075338,0.178912,0.532477,-0.058125,0.154917,0.542854,-0.040833
A,0.212326,0.778831,-1e-06,0.308013,0.676989,-0.015386,0.355422,0.514146,-0.018462,0.380364,0.399266,-0.022702,0.431743,0.337461,-0.017663,0.289643,0.421604,-0.014472,0.326901,0.365189,-0.040339,0.316768,0.474581,-0.041274,0.28984,0.486632,-0.041407,0.219577,0.427125,-0.023649,0.27214,0.371248,-0.059845,0.273687,0.498877,-0.064127,0.246315,0.503036,-0.062859,0.161994,0.463733,-0.035358,0.208815,0.398532,-0.078655,0.230188,0.524811,-0.060617,0.20028,0.537503,-0.041411,0.107243,0.501147,-0.04715,0.154658,0.458832,-0.075792,0.179531,0.532215,-0.058789,0.15578,0.542995,-0.041668
A,0.213372,0.77789,-0.0,0.30735,0.681004,-0.015896,0.353911,0.52008,-0.019825,0.377661,0.404128,-0.025555,0.427427,0.34309,-0.022551,0.293605,0.429611,-0.013586,0.32652,0.366221,-0.040511,0.317709,0.476158,-0.041271,0.296205,0.497032,-0.040378,0.227005,0.434469,-0.022731,0.274156,0.370243,-0.060444,0.274451,0.498239,-0.063101,0.251084,0.511508,-0.059077,0.169235,0.467549,-0.034863,0.211162,0.39951,-0.079875,0.229678,0.525391,-0.060693,0.20511,0.545306,-0.03922,0.112072,0.502556,-0.047097,0.15545,0.458614,-0.076353,0.179048,0.533847,-0.058514,0.16047,0.550023,-0.03997
A,0.213883,0.781287,-1e-06,0.308583,0.683549,-0.018446,0.35554,0.521896,-0.021783,0.377902,0.405883,-0.026049,0.427846,0.344685,-0.020665,0.296302,0.430729,-0.015429,0.327038,0.365092,-0.042762,0.319763,0.475586,-0.043139,0.29801,0.495554,-0.041561,0.228455,0.435155,-0.023207,0.274248,0.372253,-0.058787,0.275889,0.50107,-0.060017,0.252011,0.508782,-0.055655,0.170311,0.468372,-0.034592,0.211164,0.399614,-0.079258,0.231002,0.52608,-0.060412,0.204399,0.539953,-0.039455,0.113648,0.503813,-0.046349,0.159088,0.458068,-0.075763,0.181135,0.531759,-0.058022,0.156233,0.544104,-0.039617
A,0.211105,0.781683,-1e-06,0.307241,0.681752,-0.015758,0.355415,0.52011,-0.018796,0.379636,0.404067,-0.023247,0.432941,0.345109,-0.018247,0.296519,0.426354,-0.013233,0.330308,0.366321,-0.037945,0.317877,0.478297,-0.037821,0.294299,0.490677,-0.037274,0.225915,0.429639,-0.021976,0.27806,0.36935,-0.055985,0.276303,0.497553,-0.057986,0.250551,0.501658,-0.055068,0.167915,0.465182,-0.033532,0.213819,0.39818,-0.07524,0.232329,0.523632,-0.056313,0.202849,0.535156,-0.036551,0.113357,0.500328,-0.045337,0.160055,0.458371,-0.072142,0.181849,0.53037,-0.054341,0.156562,0.539367,-0.036857
A,0.211914,0.778729,-1e-06,0.309264,0.678734,-0.014628,0.357719,0.51721,-0.017195,0.382457,0.401958,-0.021335,0.436125,0.343908,-0.01622,0.299639,0.425792,-0.012309,0.332609,0.366712,-0.036201,0.318962,0.477454,-0.036024,0.295435,0.489579,-0.035906,0.228951,0.429251,-0.021399,0.279986,0.368434,-0.056683,0.277551,0.495613,-0.060181,0.251855,0.50188,-0.058117,0.170983,0.464752,-0.032837,0.215406,0.397125,-0.074684,0.233423,0.5216,-0.055782,0.204068,0.534971,-0.03603,0.116515,0.498388,-0.044418,0.162135,0.456626,-0.071132,0.18315,0.528525,-0.053214,0.157972,0.537465,-0.035712
A,0.212544,0.776069,-1e-06,0.311363,0.677577,-0.012477,0.359376,0.518551,-0.014633,0.383152,0.404515,-0.019082,0.435158,0.345735,-0.014526,0.301265,0.429165,-0.008805,0.334134,0.367135,-0.033957,0.321203,0.477908,-0.03407,0.298789,0.494302,-0.033411,0.231705,0.432125,-0.019369,0.282032,0.366347,-0.057082,0.27875,0.494604,-0.061036,0.253672,0.505122,-0.058233,0.173038,0.465241,-0.032409,0.218649,0.397041,-0.076906,0.233906,0.522251,-0.057754,0.20496,0.537354,-0.036606,0.116483,0.497069,-0.045212,0.164005,0.453034,-0.073147,0.1839,0.527656,-0.054217,0.158727,0.538718,-0.035328
A,0.217094,0.774968,-0.0,0.312935,0.677605,-0.01476,0.360519,0.52013,-0.017697,0.384084,0.404755,-0.022427,0.434078,0.342815,-0.018313,0.300336,0.426093,-0.007783,0.332927,0.367918,-0.032577,0.321685,0.477678,-0.034359,0.298963,0.494716,-0.034639,0.231979,0.429939,-0.016758,0.28004,0.367496,-0.051018,0.278882,0.493806,-0.054307,0.254259,0.504944,-0.051532,0.174159,0.463132,-0.028861,0.218475,0.397254,-0.070685,0.235319,0.520437,-0.052778,0.207751,0.536403,-0.032901,0.119069,0.496531,-0.041096,0.165642,0.453595,-0.067681,0.185774,0.525713,-0.049852,0.162213,0.537513,-0.031908
A,0.217331,0.776266,-0.0,0.312781,0.679544,-0.015121,0.361215,0.524004,-0.019504,0.38586,0.40901,-0.025902,0.433226,0.344759,-0.024174,0.298989,0.428386,-0.01052,0.332942,0.372014,-0.036541,0.32329,0.479075,-0.039318,0.300696,0.497425,-0.040024,0.23404,0.432538,-0.019817,0.280618,0.372268,-0.055054,0.280531,0.496648,-0.058805,0.257048,0.508717,-0.056599,0.176492,0.464684,-0.032134,0.220563,0.397536,-0.075194,0.237261,0.519794,-0.057582,0.212388,0.538587,-0.037803,0.119481,0.499085,-0.044467,0.164038,0.452658,-0.072575,0.186022,0.524753,-0.05535,0.16738,0.540724,-0.037649
A,0.2204,0.778254,-0.0,0.313455,0.68359,-0.015632,0.361781,0.528991,-0.020461,0.386707,0.413054,-0.027239,0.434313,0.34885,-0.025808,0.302826,0.433934,-0.012105,0.335324,0.37313,-0.038084,0.326289,0.480945,-0.040155,0.304763,0.501284,-0.040242,0.237273,0.43809,-0.021433,0.282609,0.374822,-0.055585,0.282636,0.497807,-0.05799,0.260086,0.510522,-0.054882,0.178914,0.46972,-0.034013,0.221401,0.403228,-0.076332,0.238782,0.523336,-0.058902,0.215682,0.54248,-0.03932,0.121533,0.504116,-0.046711,0.165729,0.458557,-0.074373,0.187891,0.529153,-0.057465,0.170212,0.545239,-0.040031
A,0.221043,0.782548,-0.0,0.314102,0.684442,-0.017129,0.36093,0.523441,-0.020724,0.384271,0.407603,-0.025941,0.433225,0.34522,-0.022168,0.302621,0.430988,-0.01114,0.335019,0.371714,-0.038229,0.326372,0.480749,-0.040256,0.304585,0.499128,-0.039918,0.235769,0.435537,-0.019564,0.283322,0.376856,-0.055027,0.283866,0.502393,-0.057567,0.25998,0.511209,-0.05391,0.178015,0.469017,-0.031684,0.220692,0.405024,-0.075291,0.239971,0.528192,-0.057733,0.213962,0.544114,-0.037619,0.121472,0.50414,-0.044169,0.167118,0.461421,-0.072179,0.189564,0.533487,-0.05511,0.168027,0.546975,-0.037283
A,0.220523,0.78411,-0.0,0.313857,0.685588,-0.016819,0.359338,0.523149,-0.020674,0.382101,0.405846,-0.026298,0.432487,0.344448,-0.022758,0.302035,0.429424,-0.010554,0.334356,0.370554,-0.038076,0.325327,0.481601,-0.040586,0.30396,0.500264,-0.040672,0.233797,0.432566,-0.019011,0.281907,0.3763,-0.05426,0.282361,0.502957,-0.056619,0.258906,0.510317,-0.052993,0.175816,0.466113,-0.031181,0.219393,0.404762,-0.074464,0.238811,0.528637,-0.056702,0.212806,0.543201,-0.036688,0.120262,0.501736,-0.043759,0.167009,0.464804,-0.07163,0.189138,0.537505,-0.05468,0.167092,0.549134,-0.036965
A,0.217964,0.78666,-0.0,0.311968,0.683221,-0.015678,0.357764,0.52111,-0.019176,0.38154,0.407234,-0.024364,0.429169,0.343267,-0.02054,0.294147,0.424965,-0.011043,0.330804,0.372132,-0.037507,0.322884,0.480635,-0.04004,0.298741,0.496104,-0.040672,0.226288,0.43003,-0.020588,0.278742,0.376684,-0.05677,0.280919,0.502343,-0.061672,0.255098,0.509875,-0.060026,0.169374,0.466349,-0.033144,0.216062,0.405036,-0.076421,0.237241,0.529171,-0.059287,0.208691,0.543605,-0.040008,0.114826,0.504705,-0.045989,0.163046,0.465403,-0.073944,0.186198,0.537485,-0.0567,0.162518,0.548786,-0.039021
A,0.216209,0.787108,-1e-06,0.311119,0.684407,-0.017387,0.354395,0.517857,-0.020701,0.376974,0.401083,-0.025527,0.42618,0.341305,-0.020927,0.285716,0.424026,-0.009498,0.324753,0.367944,-0.039331,0.317738,0.479751,-0.044422,0.294344,0.500155,-0.046018,0.217711,0.431666,-0.018202,0.27251,0.378605,-0.056226,0.275083,0.506146,-0.061503,0.249384,0.51537,-0.05947,0.161379,0.467774,-0.030822,0.211255,0.410432,-0.075575,0.231518,0.534818,-0.05883,0.203547,0.549698,-0.039232,0.108147,0.507334,-0.044038,0.159529,0.471482,-0.072317,0.181636,0.545168,-0.055238,0.156736,0.557573,-0.037386
A,0.215588,0.790531,-1e-06,0.310337,0.682016,-0.017385,0.35135,0.516807,-0.02193,0.372723,0.397846,-0.0286,0.42411,0.33594,-0.025646,0.284171,0.426854,-0.007597,0.321096,0.367564,-0.040159,0.315247,0.480142,-0.047833,0.289804,0.501046,-0.050371,0.216052,0.436597,-0.016425,0.267533,0.379776,-0.055151,0.273352,0.506691,-0.061228,0.247188,0.51528,-0.059865,0.159717,0.474356,-0.029702,0.205816,0.410558,-0.074882,0.229422,0.533796,-0.058355,0.200279,0.550371,-0.038681,0.106006,0.513856,-0.043691,0.154347,0.471219,-0.07127,0.17937,0.540641,-0.054245,0.154746,0.554111,-0.036421
A,0.21776,0.794184,-1e-06,0.31052,0.68073,-0.017386,0.349046,0.513576,-0.022358,0.369607,0.394419,-0.029714,0.420932,0.332424,-0.027869,0.280585,0.427251,-0.006648,0.317394,0.368334,-0.040267,0.314806,0.479853,-0.049294,0.290123,0.503955,-0.052347,0.213725,0.438175,-0.016015,0.265622,0.381551,-0.05344,0.272835,0.506496,-0.058755,0.246321,0.517083,-0.057128,0.157639,0.475741,-0.030349,0.204287,0.41244,-0.07499,0.229037,0.533108,-0.058738,0.201175,0.552441,-0.039274,0.103282,0.517243,-0.045522,0.15322,0.471244,-0.072961,0.181085,0.540988,-0.055965,0.159645,0.559734,-0.038096
A,0.212047,0.796645,-1e-06,0.307462,0.682342,-0.01421,0.346812,0.513935,-0.017503,0.36596,0.399116,-0.023076,0.413217,0.338141,-0.019752,0.273385,0.421828,-0.010988,0.31505,0.367836,-0.039555,0.309636,0.479961,-0.044806,0.283796,0.500391,-0.046978,0.205199,0.432852,-0.021198,0.263205,0.379585,-0.057362,0.268428,0.505849,-0.063117,0.240105,0.516623,-0.0624,0.150697,0.473605,-0.034389,0.201805,0.413238,-0.075544,0.225936,0.534227,-0.058953,0.195802,0.551825,-0.040807,0.099669,0.5176,-0.048022,0.150039,0.475822,-0.073371,0.176459,0.544353,-0.056077,0.153064,0.559302,-0.038961
A,0.212692,0.796095,-1e-06,0.307493,0.681963,-0.01492,0.345564,0.51393,-0.01895,0.363739,0.398959,-0.025386,0.409699,0.336678,-0.022807,0.271184,0.419599,-0.009809,0.314409,0.368579,-0.041692,0.30906,0.48051,-0.048646,0.282965,0.503773,-0.051015,0.205527,0.430927,-0.020656,0.262806,0.37943,-0.059226,0.267394,0.506565,-0.06483,0.240068,0.518374,-0.063236,0.150989,0.46994,-0.035305,0.202949,0.415275,-0.079479,0.224442,0.536994,-0.063387,0.195895,0.554452,-0.044539,0.099058,0.515547,-0.050411,0.14842,0.474391,-0.077234,0.174456,0.542973,-0.060333,0.153671,0.55854,-0.042969
A,0.212546,0.794156,-1e-06,0.306463,0.680977,-0.01814,0.344606,0.512401,-0.02358,0.365444,0.394568,-0.030801,0.4158,0.3313,-0.028369,0.271409,0.419628,-0.010127,0.315463,0.366849,-0.044764,0.309117,0.480189,-0.053381,0.282157,0.500397,-0.056444,0.203981,0.43163,-0.019222,0.26481,0.380571,-0.060699,0.268738,0.507178,-0.06803,0.239743,0.514687,-0.067146,0.149184,0.471499,-0.032695,0.203138,0.416202,-0.079103,0.22496,0.537531,-0.063329,0.194916,0.552931,-0.044119,0.097545,0.515329,-0.046917,0.147924,0.476192,-0.074346,0.174976,0.544923,-0.057791,0.153382,0.558639,-0.040422
A,0.217303,0.79439,-1e-06,0.309526,0.678521,-0.013314,0.344933,0.51163,-0.017799,0.364888,0.395741,-0.025539,0.412602,0.329858,-0.02445,0.271297,0.420478,-0.005121,0.313376,0.367724,-0.038516,0.309789,0.479745,-0.046576,0.283204,0.504063,-0.049376,0.206008,0.43252,-0.017447,0.263048,0.37868,-0.057905,0.268727,0.504963,-0.064673,0.240036,0.517096,-0.06328,0.151522,0.472025,-0.033978,0.203204,0.414557,-0.08012,0.225577,0.536075,-0.064388,0.196139,0.555368,-0.045076,0.098996,0.517942,-0.050822,0.148727,0.475952,-0.079126,0.178328,0.545567,-0.062815,0.160462,0.562377,-0.045412
A,0.211728,0.795101,-1e-06,0.306455,0.682507,-0.018169,0.345642,0.514621,-0.023637,0.366155,0.397202,-0.030775,0.415938,0.333577,-0.028483,0.271476,0.42125,-0.011245,0.315992,0.369526,-0.045279,0.309777,0.482557,-0.053343,0.28336,0.504015,-0.056052,0.204039,0.433374,-0.020199,0.265304,0.382244,-0.06181,0.268827,0.509171,-0.069303,0.23969,0.51893,-0.068358,0.149365,0.473303,-0.03323,0.203769,0.417447,-0.079518,0.224923,0.539354,-0.063408,0.1948,0.556368,-0.043894,0.097493,0.517225,-0.046936,0.147838,0.476912,-0.074241,0.17422,0.546365,-0.057102,0.152381,0.561136,-0.039243
A,0.217281,0.795484,-1e-06,0.309213,0.680629,-0.012774,0.345192,0.514186,-0.016821,0.365875,0.398263,-0.023918,0.414142,0.333325,-0.022196,0.272916,0.422352,-0.005343,0.315616,0.369964,-0.037536,0.310975,0.481655,-0.045321,0.283704,0.503823,-0.048255,0.206359,0.433947,-0.017167,0.264331,0.380576,-0.056908,0.269772,0.505893,-0.06434,0.240567,0.516261,-0.063722,0.152039,0.473903,-0.032719,0.203834,0.416094,-0.077705,0.226925,0.53677,-0.062274,0.196455,0.554438,-0.043574,0.100157,0.518536,-0.048476,0.150821,0.477812,-0.076037,0.179751,0.547629,-0.059587,0.159822,0.563441,-0.042254
A,0.211993,0.793841,-1e-06,0.306937,0.681675,-0.01573,0.345839,0.514709,-0.020179,0.367117,0.397925,-0.026625,0.416447,0.334466,-0.023704,0.271665,0.423253,-0.009543,0.317038,0.372722,-0.042518,0.309365,0.484831,-0.049985,0.281197,0.501962,-0.052937,0.203446,0.434431,-0.01949,0.266244,0.38279,-0.061116,0.269414,0.509344,-0.068958,0.239252,0.516256,-0.068539,0.149073,0.474322,-0.03312,0.204206,0.41781,-0.079205,0.225697,0.539756,-0.063144,0.193875,0.554304,-0.044004,0.097991,0.517276,-0.047189,0.148924,0.478089,-0.074712,0.175511,0.547303,-0.058053,0.152559,0.559825,-0.040793
A,0.213717,0.797128,-1e-06,0.307027,0.684489,-0.014433,0.345945,0.517534,-0.018669,0.366035,0.402101,-0.025189,0.412262,0.33891,-0.022594,0.272326,0.423107,-0.010905,0.316094,0.369075,-0.042961,0.310331,0.482368,-0.050416,0.284245,0.503976,-0.053182,0.204516,0.434445,-0.021361,0.264833,0.382353,-0.060675,0.269199,0.509338,-0.067748,0.240247,0.519049,-0.067221,0.150009,0.474499,-0.035076,0.203249,0.417167,-0.078834,0.225881,0.539284,-0.062299,0.195825,0.556178,-0.043388,0.098772,0.518239,-0.049171,0.149743,0.479561,-0.075485,0.176249,0.550055,-0.057807,0.153753,0.565026,-0.03987
A,0.210712,0.798053,-1e-06,0.30611,0.68484,-0.017108,0.34702,0.515314,-0.021496,0.368602,0.3992,-0.027543,0.416049,0.335689,-0.024279,0.271108,0.420064,-0.012072,0.316138,0.369248,-0.043349,0.309204,0.48363,-0.05007,0.28178,0.500382,-0.052818,0.202559,0.433014,-0.020971,0.26477,0.38149,-0.061431,0.269124,0.50915,-0.069345,0.239475,0.517226,-0.069167,0.148224,0.474442,-0.033197,0.203073,0.41626,-0.077959,0.22595,0.538921,-0.061986,0.194585,0.554926,-0.043193,0.0971,0.517352,-0.045942,0.150198,0.478227,-0.072788,0.176637,0.548358,-0.055826,0.153121,0.562372,-0.038408
A,0.212773,0.795944,-1e-06,0.307387,0.686099,-0.01695,0.347119,0.517843,-0.020886,0.368876,0.400282,-0.026579,0.419745,0.336838,-0.02274,0.278651,0.428617,-0.00864,0.317989,0.372334,-0.040688,0.311401,0.484733,-0.048044,0.284536,0.502878,-0.050788,0.208739,0.438185,-0.017412,0.265621,0.384168,-0.056727,0.27026,0.509689,-0.064235,0.241419,0.515706,-0.063944,0.152869,0.477486,-0.030137,0.203089,0.418131,-0.074572,0.22692,0.538979,-0.058834,0.196467,0.553118,-0.040205,0.101081,0.51868,-0.043506,0.151317,0.478442,-0.070476,0.17812,0.548142,-0.053765,0.15444,0.561211,-0.036433
A,0.207868,0.791245,-0.0,0.302784,0.69001,-0.014192,0.34983,0.530096,-0.018393,0.375224,0.416803,-0.024793,0.421471,0.349036,-0.022988,0.28718,0.436617,-0.012016,0.325204,0.381482,-0.03959,0.315554,0.489026,-0.043062,0.2911,0.504114,-0.044477,0.218446,0.441472,-0.022218,0.273171,0.383251,-0.062608,0.273345,0.509173,-0.070625,0.246172,0.519094,-0.070582,0.160307,0.478309,-0.034591,0.208342,0.412214,-0.080338,0.228473,0.536999,-0.063462,0.200601,0.554104,-0.043937,0.103911,0.515408,-0.046795,0.150409,0.474317,-0.076243,0.176236,0.548072,-0.059208,0.157862,0.560879,-0.0416
A,0.205424,0.792714,-0.0,0.300758,0.696297,-0.015697,0.351881,0.537212,-0.019212,0.380073,0.422171,-0.024014,0.426911,0.354211,-0.019847,0.295495,0.438671,-0.015073,0.327713,0.38214,-0.041641,0.31269,0.493404,-0.043379,0.289682,0.502508,-0.044115,0.223651,0.442606,-0.023922,0.274299,0.38379,-0.062453,0.271544,0.510754,-0.068574,0.247497,0.514117,-0.068242,0.163839,0.479774,-0.034917,0.207626,0.412601,-0.079151,0.224567,0.536859,-0.061523,0.1979,0.546963,-0.042644,0.108045,0.513907,-0.045858,0.14856,0.475072,-0.073183,0.171575,0.546419,-0.056162,0.153805,0.553252,-0.039577
A,0.204052,0.787717,-1e-06,0.300936,0.695483,-0.016848,0.35259,0.536784,-0.02039,0.380773,0.421711,-0.025387,0.429929,0.356517,-0.021328,0.297702,0.440376,-0.01295,0.328986,0.380169,-0.040418,0.314375,0.490524,-0.042372,0.291345,0.502277,-0.042701,0.227395,0.443179,-0.021791,0.275067,0.382886,-0.059552,0.271513,0.510192,-0.06409,0.247666,0.514018,-0.062144,0.166932,0.477001,-0.033651,0.208964,0.41114,-0.078722,0.224395,0.536332,-0.060772,0.19822,0.546471,-0.04091,0.109052,0.509833,-0.045594,0.1494,0.470725,-0.073879,0.171158,0.544291,-0.056301,0.152015,0.552715,-0.038657
A,0.205133,0.78661,-0.0,0.3024,0.695726,-0.017071,0.355838,0.538591,-0.020943,0.383998,0.421995,-0.02589,0.431773,0.3563,-0.02226,0.297005,0.439495,-0.012699,0.329368,0.382052,-0.040225,0.315335,0.489903,-0.043424,0.293183,0.506951,-0.044446,0.22922,0.441266,-0.021372,0.273915,0.383025,-0.056978,0.270349,0.508622,-0.06054,0.248141,0.51612,-0.058565,0.168555,0.472655,-0.033416,0.209043,0.408009,-0.077574,0.222867,0.53146,-0.06039,0.200565,0.543718,-0.041411,0.109924,0.50738,-0.045498,0.149034,0.464664,-0.07403,0.170168,0.539354,-0.057094,0.154503,0.551644,-0.040075
A,0.20815,0.785397,-0.0,0.305041,0.692252,-0.019079,0.356647,0.538334,-0.023523,0.38561,0.422159,-0.029229,0.434848,0.356868,-0.026153,0.299056,0.440881,-0.005301,0.330636,0.381398,-0.033769,0.31735,0.487881,-0.039396,0.295223,0.504161,-0.041541,0.234031,0.441804,-0.012352,0.276801,0.381585,-0.04803,0.272896,0.506024,-0.053266,0.251304,0.513142,-0.051648,0.174185,0.47137,-0.023801,0.213099,0.408129,-0.068169,0.226266,0.529933,-0.052817,0.205768,0.541775,-0.034151,0.115722,0.504214,-0.035544,0.152235,0.463232,-0.063462,0.17281,0.535546,-0.047432,0.159516,0.547283,-0.030581
A,0.212989,0.781683,-0.0,0.309595,0.691273,-0.021101,0.363137,0.538929,-0.026215,0.392445,0.422013,-0.032053,0.441552,0.357035,-0.029158,0.308572,0.44228,-0.005347,0.337457,0.381476,-0.034301,0.323827,0.487137,-0.040639,0.302881,0.507878,-0.042746,0.244505,0.44294,-0.011369,0.28392,0.377895,-0.048271,0.278774,0.503152,-0.053821,0.258033,0.515865,-0.051621,0.184449,0.470094,-0.022016,0.220778,0.40377,-0.067795,0.231547,0.525616,-0.051877,0.211745,0.540893,-0.031847,0.12425,0.500304,-0.033053,0.161048,0.451823,-0.061763,0.178521,0.526449,-0.044305,0.162861,0.542092,-0.025805
A,0.216663,0.783009,-0.0,0.315143,0.687164,-0.019638,0.366165,0.537479,-0.026204,0.394551,0.420846,-0.034336,0.445541,0.358082,-0.033983,0.308984,0.441246,-0.003014,0.339063,0.380082,-0.034088,0.327485,0.486013,-0.042611,0.306832,0.51334,-0.045636,0.246246,0.441962,-0.010696,0.284641,0.376313,-0.049203,0.28077,0.5018,-0.055829,0.260669,0.520079,-0.053965,0.186537,0.468384,-0.023221,0.222936,0.400058,-0.070687,0.234477,0.522585,-0.055389,0.216222,0.544591,-0.034925,0.125716,0.500514,-0.036056,0.162275,0.450387,-0.066523,0.18111,0.526407,-0.049614,0.167441,0.546964,-0.03072
A,0.215562,0.780313,-0.0,0.314537,0.688624,-0.015741,0.367214,0.536777,-0.017253,0.395876,0.420878,-0.020997,0.448206,0.361429,-0.01584,0.310901,0.441883,0.003695,0.342797,0.379455,-0.024962,0.32779,0.484935,-0.031408,0.307115,0.502777,-0.033708,0.246466,0.441355,-0.004539,0.28815,0.375437,-0.041086,0.281663,0.499368,-0.046961,0.26056,0.508509,-0.044667,0.186736,0.466888,-0.017604,0.225368,0.399128,-0.062833,0.236338,0.522003,-0.047478,0.215296,0.536865,-0.027679,0.126847,0.495108,-0.03083,0.164759,0.448158,-0.058615,0.183992,0.522288,-0.041773,0.169047,0.536989,-0.023636
A,0.213985,0.780625,-0.0,0.313215,0.691189,-0.016162,0.369047,0.53842,-0.017902,0.399017,0.422224,-0.02162,0.452742,0.363691,-0.016531,0.313175,0.443031,0.00148,0.345157,0.38157,-0.026057,0.328333,0.487014,-0.031188,0.307637,0.502937,-0.033188,0.247019,0.442069,-0.006854,0.290258,0.37487,-0.043401,0.282517,0.498382,-0.048932,0.261205,0.508015,-0.046412,0.18658,0.469526,-0.019755,0.22499,0.40232,-0.064774,0.236887,0.523577,-0.049852,0.216529,0.537951,-0.030607,0.127334,0.499681,-0.032766,0.165051,0.452906,-0.060642,0.18533,0.526025,-0.044537,0.171928,0.53976,-0.027248
A,0.214402,0.781714,-0.0,0.312122,0.694262,-0.017087,0.368075,0.541833,-0.020565,0.398248,0.425359,-0.026,0.450012,0.364665,-0.023136,0.312889,0.443714,-0.000557,0.345066,0.38412,-0.029314,0.32753,0.487505,-0.034847,0.305891,0.507707,-0.036749,0.250208,0.443648,-0.009265,0.291056,0.37667,-0.047812,0.282519,0.501113,-0.052818,0.261971,0.516746,-0.04938,0.190043,0.46941,-0.022679,0.227138,0.401511,-0.070317,0.236302,0.525192,-0.054589,0.217533,0.545569,-0.033886,0.128801,0.500209,-0.036101,0.164712,0.449714,-0.066616,0.182752,0.526436,-0.050383,0.170382,0.54507,-0.032298
A,0.212845,0.784979,-0.0,0.312047,0.694166,-0.016811,0.3684,0.542285,-0.020389,0.398022,0.425977,-0.025711,0.449056,0.363432,-0.022777,0.31011,0.439611,-0.001718,0.345995,0.386128,-0.029561,0.328403,0.490631,-0.035184,0.304736,0.507795,-0.037641,0.246354,0.438806,-0.01047,0.291474,0.376134,-0.048881,0.282996,0.50167,-0.05527,0.26,0.515557,-0.053101,0.186839,0.466238,-0.023333,0.227553,0.398751,-0.070094,0.236802,0.523098,-0.054683,0.214645,0.540995,-0.034656,0.126985,0.498515,-0.036125,0.164995,0.44944,-0.066005,0.183534,0.525108,-0.049556,0.169462,0.541053,-0.031593
A,0.212396,0.785861,-1e-06,0.311129,0.701577,-0.019284,0.368926,0.546313,-0.023223,0.399053,0.426392,-0.028862,0.452804,0.36703,-0.025893,0.316579,0.446672,-0.002963,0.344786,0.384397,-0.032766,0.327604,0.488875,-0.038353,0.309086,0.511889,-0.039945,0.252836,0.446368,-0.010636,0.289767,0.380425,-0.048628,0.281196,0.504602,-0.051713,0.263595,0.520702,-0.047202,0.191773,0.471184,-0.023497,0.226159,0.405371,-0.071464,0.234658,0.529611,-0.054655,0.218583,0.552245,-0.033143,0.129703,0.500825,-0.036686,0.163398,0.451633,-0.067425,0.180469,0.529599,-0.050952,0.169322,0.549772,-0.032555
A,0.212494,0.789107,-1e-06,0.312284,0.698691,-0.018232,0.368458,0.545609,-0.02199,0.39762,0.427101,-0.0275,0.450256,0.366057,-0.02417,0.312107,0.444728,-0.002043,0.342492,0.382377,-0.031399,0.325688,0.488463,-0.037133,0.304622,0.510699,-0.038932,0.247875,0.444595,-0.010083,0.285146,0.378793,-0.047343,0.278116,0.505658,-0.050864,0.25898,0.520402,-0.046973,0.186922,0.469599,-0.02311,0.222168,0.401588,-0.069488,0.231902,0.526536,-0.052047,0.213484,0.546836,-0.030706,0.125063,0.499944,-0.036457,0.159877,0.448833,-0.065567,0.177449,0.52504,-0.047914,0.163683,0.543265,-0.028981
A,0.209059,0.788075,-1e-06,0.308926,0.70039,-0.017984,0.365222,0.545521,-0.021325,0.394764,0.426744,-0.026559,0.447498,0.365613,-0.022797,0.312369,0.448186,-0.003153,0.339575,0.379984,-0.032382,0.324018,0.487561,-0.036813,0.304486,0.510603,-0.037388,0.247931,0.447812,-0.011187,0.283354,0.377907,-0.048481,0.276764,0.505938,-0.051164,0.25808,0.520255,-0.046463,0.186329,0.472539,-0.02409,0.220041,0.402669,-0.071154,0.229987,0.529293,-0.05323,0.211917,0.549205,-0.031189,0.123862,0.501151,-0.037177,0.158188,0.448274,-0.066877,0.175708,0.5259,-0.048889,0.161477,0.544788,-0.029446
A,0.208146,0.787672,-1e-06,0.306586,0.700539,-0.018552,0.363908,0.54469,-0.022581,0.395021,0.425233,-0.028301,0.449632,0.365521,-0.025337,0.310869,0.445337,-0.004916,0.339826,0.379823,-0.033691,0.323125,0.486627,-0.037763,0.304302,0.509208,-0.038648,0.247165,0.444364,-0.012862,0.284546,0.377455,-0.048733,0.276862,0.503034,-0.050359,0.259304,0.516258,-0.045785,0.185723,0.470021,-0.02574,0.220561,0.404128,-0.07182,0.230073,0.528394,-0.05421,0.213876,0.547927,-0.033287,0.123486,0.50078,-0.038882,0.156826,0.451719,-0.068613,0.175072,0.529003,-0.051844,0.164327,0.547638,-0.033897
A,0.210855,0.787588,-1e-06,0.308864,0.701375,-0.018272,0.366658,0.54529,-0.021957,0.398216,0.426374,-0.027619,0.452299,0.365672,-0.024652,0.313698,0.44766,-0.003722,0.341728,0.379428,-0.033268,0.324308,0.486672,-0.038023,0.305996,0.509863,-0.039091,0.250085,0.448149,-0.011907,0.28707,0.37775,-0.048727,0.278566,0.503159,-0.050594,0.260702,0.517668,-0.045578,0.188348,0.473342,-0.025131,0.222864,0.404839,-0.071806,0.231542,0.529666,-0.053644,0.215183,0.550713,-0.031814,0.125623,0.50238,-0.038644,0.158716,0.452151,-0.068175,0.176597,0.530238,-0.050518,0.165827,0.549833,-0.031633
A,0.211887,0.787562,-0.0,0.309407,0.702267,-0.022308,0.36659,0.546661,-0.02767,0.39836,0.425062,-0.033901,0.45169,0.362444,-0.031286,0.316435,0.44941,-0.001966,0.342635,0.383449,-0.03283,0.326559,0.490254,-0.040468,0.308758,0.517937,-0.042784,0.252936,0.448102,-0.007594,0.289183,0.378846,-0.044819,0.280584,0.504425,-0.048648,0.262844,0.523563,-0.044288,0.190814,0.472321,-0.018894,0.224129,0.404887,-0.066582,0.232091,0.528732,-0.050606,0.216263,0.551529,-0.029214,0.128212,0.501997,-0.030719,0.1627,0.453469,-0.061243,0.178407,0.531767,-0.044491,0.166099,0.551326,-0.025556
A,0.214135,0.786286,-1e-06,0.313098,0.700809,-0.018461,0.370814,0.545459,-0.021046,0.403096,0.426978,-0.025396,0.45849,0.368979,-0.020845,0.320384,0.448726,0.000944,0.347734,0.383742,-0.028589,0.329113,0.490432,-0.034768,0.310725,0.510682,-0.036885,0.255141,0.447572,-0.006483,0.293171,0.380755,-0.043113,0.283271,0.506885,-0.046412,0.264978,0.51833,-0.04219,0.192927,0.472952,-0.019315,0.227233,0.406974,-0.065782,0.235298,0.531456,-0.048923,0.217911,0.547523,-0.02783,0.130384,0.50129,-0.032502,0.164408,0.455707,-0.06107,0.181142,0.53341,-0.043762,0.168674,0.548414,-0.025305
A,0.220497,0.788344,-1e-06,0.319132,0.701197,-0.018035,0.376667,0.545038,-0.021128,0.408128,0.427139,-0.025973,0.463332,0.36942,-0.022238,0.321161,0.449115,-0.00137,0.352168,0.387546,-0.030533,0.334218,0.492511,-0.036137,0.312872,0.514695,-0.038081,0.257308,0.446975,-0.009608,0.295954,0.382931,-0.047064,0.286915,0.508723,-0.050819,0.266585,0.522592,-0.046905,0.196401,0.471278,-0.022914,0.232689,0.402614,-0.069697,0.241787,0.526964,-0.053044,0.223092,0.545943,-0.032224,0.134164,0.501954,-0.036524,0.170695,0.45299,-0.067095,0.188997,0.531713,-0.050726,0.175929,0.550383,-0.032632
A,0.221413,0.788552,-1e-06,0.320282,0.703032,-0.018904,0.378672,0.547478,-0.022053,0.410852,0.429966,-0.026811,0.466549,0.371574,-0.022613,0.327768,0.450826,-0.002017,0.35563,0.386951,-0.031672,0.337419,0.492704,-0.036987,0.316992,0.512316,-0.03851,0.261443,0.448104,-0.009873,0.301722,0.381368,-0.04796,0.292226,0.507185,-0.052144,0.271641,0.517953,-0.048273,0.199377,0.473462,-0.022756,0.23587,0.405551,-0.070377,0.245282,0.530672,-0.053655,0.225494,0.546318,-0.032471,0.137299,0.502481,-0.035959,0.175169,0.454704,-0.066171,0.192446,0.532493,-0.048987,0.177047,0.547683,-0.030277
A,0.219262,0.785525,-1e-06,0.321731,0.70094,-0.015832,0.379479,0.545988,-0.017541,0.410722,0.429355,-0.021763,0.465302,0.36945,-0.017255,0.328738,0.450946,-0.002076,0.35718,0.382825,-0.030347,0.340139,0.490617,-0.033557,0.321702,0.510999,-0.033867,0.260954,0.448943,-0.011492,0.302342,0.378286,-0.050514,0.293779,0.505279,-0.054659,0.273482,0.518456,-0.050438,0.19855,0.475091,-0.02522,0.236616,0.404659,-0.072983,0.246919,0.532515,-0.054701,0.225589,0.551576,-0.032191,0.136487,0.502901,-0.039032,0.175872,0.452791,-0.068913,0.194015,0.530952,-0.050314,0.177102,0.547194,-0.030438
A,0.219567,0.787902,-1e-06,0.318827,0.705288,-0.014998,0.376259,0.547392,-0.016421,0.406972,0.429904,-0.020355,0.460157,0.370837,-0.015527,0.326674,0.450549,-0.00443,0.355038,0.379949,-0.032061,0.336964,0.489862,-0.034493,0.319113,0.512124,-0.034539,0.259723,0.449318,-0.014071,0.299134,0.377188,-0.051992,0.289976,0.504984,-0.054344,0.270719,0.519986,-0.049155,0.197249,0.475074,-0.027694,0.233315,0.402316,-0.074129,0.242916,0.531115,-0.054473,0.2235,0.552836,-0.03162,0.134835,0.50292,-0.041362,0.171848,0.455438,-0.070784,0.189724,0.535807,-0.051906,0.175455,0.553775,-0.032031
A,0.21588,0.787175,-1e-06,0.315959,0.706348,-0.016336,0.376015,0.544813,-0.018182,0.407713,0.426744,-0.021561,0.462442,0.370585,-0.015726,0.324286,0.445443,-0.009038,0.353512,0.380431,-0.037336,0.332071,0.491906,-0.038979,0.313399,0.508821,-0.039067,0.255397,0.443984,-0.018161,0.29756,0.37668,-0.056971,0.287036,0.504946,-0.058546,0.268105,0.513314,-0.053332,0.192838,0.471409,-0.031211,0.229668,0.404023,-0.07796,0.23944,0.530587,-0.058707,0.220995,0.544557,-0.037093,0.13244,0.500284,-0.044332,0.168603,0.459396,-0.07348,0.187037,0.539047,-0.055896,0.174821,0.551402,-0.037933
A,0.214387,0.786893,-1e-06,0.315257,0.707687,-0.015488,0.375409,0.545482,-0.016545,0.407255,0.426848,-0.018963,0.461644,0.370051,-0.012211,0.324515,0.445636,-0.010559,0.353481,0.380213,-0.037196,0.332673,0.492907,-0.037516,0.314325,0.510258,-0.036972,0.254743,0.444097,-0.019707,0.296827,0.377178,-0.056531,0.286757,0.505808,-0.057362,0.26748,0.514058,-0.05221,0.191941,0.47199,-0.032395,0.229292,0.403786,-0.077187,0.239468,0.530769,-0.057766,0.220198,0.544474,-0.036699,0.131918,0.501235,-0.045064,0.168916,0.460092,-0.07319,0.187186,0.539075,-0.055616,0.173786,0.55077,-0.038013
A,0.216102,0.788293,-1e-06,0.317429,0.703372,-0.014448,0.375574,0.54585,-0.016705,0.407013,0.428169,-0.021543,0.462163,0.36942,-0.018141,0.320705,0.4486,-0.004211,0.352396,0.386415,-0.03152,0.33423,0.492909,-0.034183,0.314022,0.511753,-0.034956,0.254293,0.447404,-0.014612,0.297728,0.382383,-0.05264,0.288424,0.509206,-0.05581,0.267783,0.522061,-0.051913,0.19275,0.474081,-0.028941,0.233373,0.407121,-0.076055,0.242114,0.534484,-0.057818,0.22127,0.554226,-0.036312,0.131284,0.504234,-0.043149,0.17055,0.456699,-0.073804,0.188477,0.536093,-0.056521,0.174185,0.553362,-0.038138
A,0.216048,0.788955,-1e-06,0.317227,0.707535,-0.017281,0.375579,0.550049,-0.019747,0.406091,0.430004,-0.024094,0.461031,0.370386,-0.019713,0.325072,0.454102,-0.003995,0.35456,0.388715,-0.032351,0.336854,0.495678,-0.035421,0.316815,0.516208,-0.035723,0.257997,0.450914,-0.012547,0.29854,0.383905,-0.050918,0.289449,0.5116,-0.053892,0.269606,0.52412,-0.049219,0.195785,0.475918,-0.025649,0.234264,0.40889,-0.073388,0.242971,0.536733,-0.055319,0.222475,0.553993,-0.033276,0.134346,0.504556,-0.038906,0.17364,0.45692,-0.069616,0.190122,0.535759,-0.052236,0.173785,0.550765,-0.033409
A,0.216841,0.788729,-1e-06,0.318303,0.706097,-0.016382,0.376159,0.549924,-0.019282,0.40601,0.430767,-0.024156,0.45961,0.37005,-0.020659,0.323818,0.453266,-0.004867,0.354393,0.389557,-0.03261,0.336238,0.495795,-0.035451,0.315678,0.516159,-0.035982,0.257419,0.45116,-0.014169,0.299325,0.383407,-0.052472,0.289621,0.510663,-0.055645,0.268984,0.524729,-0.051345,0.195527,0.477016,-0.027671,0.234756,0.41011,-0.075118,0.242658,0.536746,-0.057123,0.221885,0.554481,-0.035441,0.134009,0.506863,-0.04117,0.173278,0.458209,-0.071771,0.189621,0.536541,-0.054371,0.173848,0.551658,-0.035851
A,0.215629,0.787274,-1e-06,0.317154,0.706448,-0.014299,0.376326,0.547656,-0.015712,0.407117,0.427537,-0.019309,0.462982,0.36918,-0.014457,0.32303,0.451587,-0.00527,0.355621,0.388029,-0.030971,0.33704,0.495604,-0.031646,0.316001,0.512745,-0.031429,0.255213,0.449188,-0.015322,0.299672,0.38077,-0.053096,0.290449,0.50864,-0.055779,0.26873,0.521955,-0.05135,0.193209,0.476142,-0.028933,0.234713,0.405964,-0.075701,0.244482,0.535322,-0.056944,0.221416,0.554852,-0.035036,0.132479,0.505731,-0.042338,0.172727,0.45673,-0.073043,0.190919,0.535472,-0.055868,0.174385,0.550496,-0.037634
A,0.216794,0.789571,-1e-06,0.318264,0.706219,-0.017645,0.376384,0.549165,-0.020847,0.406704,0.430142,-0.025661,0.460083,0.367976,-0.021967,0.322304,0.452651,-0.00571,0.353513,0.389888,-0.033488,0.336528,0.495586,-0.036775,0.314893,0.514516,-0.037534,0.255858,0.450512,-0.014251,0.297742,0.385043,-0.052173,0.289599,0.512495,-0.055918,0.268112,0.525048,-0.052129,0.194262,0.476746,-0.027014,0.234206,0.408214,-0.074096,0.243514,0.535813,-0.056262,0.22148,0.552987,-0.034744,0.133111,0.506679,-0.039894,0.173689,0.45822,-0.070492,0.190404,0.536674,-0.05294,0.172762,0.551433,-0.03417
A,0.222245,0.788639,-1e-06,0.322897,0.70252,-0.014875,0.380346,0.546283,-0.016774,0.410702,0.428963,-0.020847,0.466274,0.371443,-0.016265,0.324982,0.447423,-0.001632,0.357845,0.388863,-0.028349,0.340077,0.495675,-0.031473,0.319251,0.513064,-0.032603,0.257506,0.445603,-0.01137,0.303572,0.379706,-0.04878,0.294304,0.50544,-0.052853,0.272046,0.518265,-0.049192,0.196188,0.472856,-0.025119,0.238282,0.406318,-0.071353,0.248395,0.531939,-0.054235,0.225697,0.549964,-0.033272,0.136083,0.503606,-0.038828,0.177667,0.458902,-0.06838,0.195383,0.535239,-0.051319,0.178333,0.548597,-0.033085
A,0.224573,0.787506,-1e-06,0.326342,0.701301,-0.01802,0.385193,0.544542,-0.020354,0.416677,0.427313,-0.024895,0.471173,0.367388,-0.020278,0.333201,0.448186,-0.003163,0.36141,0.383336,-0.030907,0.343648,0.493134,-0.034486,0.324739,0.509268,-0.035552,0.264293,0.44739,-0.011185,0.307504,0.38107,-0.049633,0.299783,0.508421,-0.054093,0.278799,0.518061,-0.050382,0.202689,0.475742,-0.023624,0.241741,0.405125,-0.070012,0.253534,0.532629,-0.052086,0.23027,0.549932,-0.030445,0.141866,0.50287,-0.03653,0.182716,0.4598,-0.065265,0.200807,0.536232,-0.047529,0.182602,0.549057,-0.028703
A,0.230145,0.793567,-1e-06,0.332472,0.704254,-0.019462,0.392374,0.54669,-0.021688,0.422568,0.431768,-0.025413,0.475634,0.372321,-0.019204,0.341341,0.446002,-0.005246,0.367778,0.385788,-0.034141,0.347766,0.49657,-0.037867,0.329111,0.509247,-0.03877,0.271539,0.4453,-0.01277,0.314308,0.383041,-0.05086,0.305368,0.509914,-0.054125,0.285284,0.513694,-0.049965,0.209554,0.473048,-0.025066,0.24864,0.403944,-0.071628,0.259792,0.530856,-0.053455,0.23685,0.543524,-0.032024,0.148953,0.499732,-0.038001,0.190785,0.458859,-0.066362,0.208258,0.535737,-0.048328,0.188821,0.546579,-0.029488
A,0.23797,0.793586,-1e-06,0.340997,0.701024,-0.016874,0.398065,0.54629,-0.018591,0.430846,0.433684,-0.022805,0.483855,0.375191,-0.017524,0.346097,0.449531,-0.000251,0.376155,0.387253,-0.030472,0.357156,0.498765,-0.036895,0.336506,0.510096,-0.03946,0.275756,0.44941,-0.008533,0.322085,0.385851,-0.047567,0.31512,0.512926,-0.053264,0.293179,0.515575,-0.050547,0.213763,0.478118,-0.021522,0.254533,0.407562,-0.067983,0.268364,0.532973,-0.050974,0.243744,0.545447,-0.030125,0.153301,0.50427,-0.034996,0.196124,0.460157,-0.062621,0.216694,0.535338,-0.044536,0.197667,0.547601,-0.025532
A,0.244307,0.793696,-1e-06,0.346154,0.705649,-0.017543,0.404352,0.54977,-0.020682,0.43417,0.433813,-0.025964,0.487743,0.375652,-0.021801,0.346389,0.447794,-0.003317,0.381137,0.389963,-0.033045,0.36189,0.501795,-0.037573,0.339507,0.513326,-0.039111,0.2786,0.447844,-0.011854,0.327156,0.388106,-0.051503,0.319794,0.518269,-0.055668,0.297244,0.522389,-0.051977,0.217836,0.476106,-0.024861,0.260434,0.408182,-0.07294,0.272037,0.538418,-0.054232,0.246991,0.552296,-0.032075,0.157689,0.503319,-0.038137,0.200346,0.460075,-0.06765,0.219821,0.538534,-0.049428,0.201282,0.550669,-0.030267
A,0.24717,0.792477,-1e-06,0.351105,0.705436,-0.017716,0.410764,0.54612,-0.019809,0.441346,0.430082,-0.023895,0.497217,0.375812,-0.019044,0.353943,0.450138,-0.005318,0.389189,0.391547,-0.032308,0.370259,0.502091,-0.035662,0.346748,0.513583,-0.036841,0.284583,0.449998,-0.012869,0.336638,0.390337,-0.04842,0.32901,0.517144,-0.051454,0.303895,0.522047,-0.047677,0.223949,0.478902,-0.024677,0.269824,0.411459,-0.068304,0.2829,0.538318,-0.050046,0.254737,0.553073,-0.029145,0.164834,0.506114,-0.037016,0.212327,0.461076,-0.063667,0.231737,0.536373,-0.045505,0.209426,0.549735,-0.027048
A,0.255837,0.792381,-1e-06,0.35771,0.708407,-0.019739,0.418055,0.547931,-0.021984,0.446623,0.431455,-0.025646,0.501211,0.375618,-0.019525,0.356928,0.447721,-0.001725,0.395489,0.391565,-0.03376,0.377725,0.502293,-0.041403,0.352145,0.514837,-0.044241,0.289345,0.446943,-0.008687,0.340315,0.392811,-0.046572,0.334078,0.521582,-0.050172,0.308956,0.524239,-0.046124,0.229512,0.472662,-0.02128,0.27469,0.410963,-0.067605,0.287054,0.539885,-0.049633,0.259873,0.551948,-0.028112,0.171869,0.50098,-0.034653,0.219876,0.457869,-0.062471,0.237811,0.535841,-0.044308,0.214045,0.548802,-0.025277
A,0.263253,0.790578,-1e-06,0.365525,0.703639,-0.022154,0.426345,0.543514,-0.024616,0.456082,0.427179,-0.027811,0.512184,0.374925,-0.020985,0.366936,0.445483,-0.003709,0.404516,0.391361,-0.033179,0.385043,0.502603,-0.03878,0.359506,0.510287,-0.040595,0.298218,0.445639,-0.00884,0.351518,0.391767,-0.044885,0.345024,0.519814,-0.048509,0.320222,0.519798,-0.044908,0.23924,0.473735,-0.01941,0.286173,0.412404,-0.064193,0.299019,0.540164,-0.047535,0.269775,0.548952,-0.027178,0.182493,0.500423,-0.030937,0.232272,0.458519,-0.057455,0.250154,0.53376,-0.040077,0.223698,0.544025,-0.021992
A,0.270723,0.786842,-1e-06,0.374025,0.701131,-0.022416,0.432891,0.546922,-0.025796,0.460727,0.431578,-0.030572,0.512854,0.374394,-0.02567,0.378077,0.447936,-0.002063,0.413163,0.389836,-0.032181,0.396335,0.498944,-0.038522,0.372797,0.512992,-0.040295,0.311711,0.447022,-0.007222,0.362044,0.388386,-0.04537,0.355525,0.515486,-0.05078,0.332054,0.52119,-0.04765,0.252652,0.473459,-0.017936,0.298116,0.409943,-0.064749,0.308839,0.53682,-0.048998,0.280358,0.549021,-0.028311,0.193869,0.498672,-0.029571,0.243525,0.458217,-0.057967,0.259437,0.532104,-0.041411,0.233523,0.541189,-0.023333
A,0.274175,0.789321,-1e-06,0.377097,0.702421,-0.019394,0.438529,0.551021,-0.022928,0.467643,0.437077,-0.027825,0.519403,0.377746,-0.023551,0.380918,0.446687,-0.004737,0.420677,0.3969,-0.032854,0.400525,0.503596,-0.03824,0.373973,0.510552,-0.040596,0.313434,0.444343,-0.011827,0.371059,0.391408,-0.04833,0.361284,0.516826,-0.053413,0.334335,0.519402,-0.051137,0.254849,0.470556,-0.023406,0.306875,0.4078,-0.068363,0.315831,0.534891,-0.05178,0.284896,0.545426,-0.031682,0.197974,0.497039,-0.035545,0.251119,0.456991,-0.063507,0.266539,0.531568,-0.04635,0.239632,0.540188,-0.028379
A,0.284426,0.792181,-0.0,0.384287,0.704067,-0.020385,0.443518,0.553615,-0.026234,0.474313,0.440973,-0.033375,0.524982,0.377802,-0.031808,0.389262,0.451313,-0.004728,0.426017,0.402106,-0.03449,0.410871,0.505135,-0.041901,0.387448,0.518516,-0.045062,0.324645,0.446858,-0.01206,0.376869,0.394255,-0.048122,0.368658,0.515389,-0.053954,0.344025,0.51924,-0.052759,0.265088,0.470614,-0.024289,0.314726,0.412012,-0.07017,0.323532,0.533836,-0.055333,0.298041,0.54506,-0.036609,0.206365,0.498641,-0.03704,0.257582,0.462638,-0.067055,0.273856,0.537763,-0.051129,0.252994,0.54878,-0.033865
A,0.287911,0.787437,-0.0,0.391078,0.698735,-0.021028,0.448547,0.552669,-0.027437,0.479302,0.441351,-0.035242,0.528673,0.376139,-0.033915,0.393183,0.447482,-0.003262,0.430042,0.398942,-0.035039,0.416228,0.503304,-0.043904,0.393377,0.516718,-0.047127,0.329657,0.444689,-0.010321,0.38296,0.396536,-0.048088,0.375858,0.519523,-0.054994,0.351722,0.522034,-0.053998,0.2714,0.467969,-0.022681,0.322417,0.411838,-0.070315,0.329954,0.536113,-0.055637,0.302816,0.546188,-0.036045,0.213522,0.494226,-0.035632,0.266715,0.459987,-0.066037,0.280572,0.534653,-0.049505,0.255373,0.543672,-0.031136
A,0.294984,0.790648,-0.0,0.400026,0.702128,-0.018722,0.460244,0.549613,-0.024136,0.489324,0.438095,-0.031349,0.541862,0.379059,-0.02954,0.399407,0.442698,-0.00099,0.438025,0.393962,-0.033166,0.423175,0.500396,-0.042952,0.400006,0.517522,-0.046721,0.336012,0.441905,-0.009011,0.391382,0.394299,-0.045459,0.383304,0.516613,-0.051468,0.35808,0.521295,-0.050191,0.278098,0.466069,-0.022434,0.332595,0.410553,-0.06839,0.339292,0.532587,-0.053097,0.311853,0.543993,-0.033636,0.221214,0.495041,-0.036365,0.277836,0.458262,-0.065259,0.290491,0.533556,-0.04799,0.263803,0.543681,-0.029512
A,0.30811,0.783431,-0.0,0.411666,0.701821,-0.021737,0.472109,0.550371,-0.02871,0.50271,0.439009,-0.036498,0.553925,0.378798,-0.03608,0.407177,0.446163,-0.00718,0.449616,0.395146,-0.037773,0.43614,0.498755,-0.046196,0.411742,0.52054,-0.049024,0.348876,0.447969,-0.013118,0.405656,0.39664,-0.05051,0.395516,0.51824,-0.05819,0.368654,0.53305,-0.057594,0.293762,0.472341,-0.023836,0.348314,0.417887,-0.069161,0.351815,0.534728,-0.056371,0.324618,0.550749,-0.038541,0.238058,0.499897,-0.035048,0.291229,0.462542,-0.064842,0.303466,0.534894,-0.050338,0.28056,0.547387,-0.033946
A,0.318782,0.79097,-0.0,0.420954,0.708483,-0.021982,0.482162,0.555964,-0.029542,0.515287,0.447441,-0.038158,0.566518,0.38682,-0.038642,0.414069,0.449132,-0.007566,0.460776,0.40116,-0.039069,0.448051,0.50351,-0.048433,0.422942,0.525224,-0.051648,0.356519,0.452282,-0.013396,0.418379,0.405049,-0.051854,0.409921,0.522181,-0.060615,0.382445,0.536629,-0.060561,0.302579,0.477365,-0.024058,0.362113,0.423414,-0.069387,0.367514,0.538599,-0.057113,0.340416,0.557786,-0.039555,0.248846,0.506197,-0.03538,0.306539,0.470678,-0.065082,0.319282,0.54272,-0.051065,0.295854,0.557429,-0.034833
A,0.328805,0.79032,-0.0,0.431373,0.708959,-0.024503,0.493524,0.557533,-0.033012,0.526474,0.447122,-0.042315,0.57815,0.386649,-0.043548,0.426344,0.450128,-0.007943,0.470275,0.399607,-0.040322,0.459631,0.501836,-0.050052,0.437719,0.535234,-0.052268,0.37107,0.454411,-0.011813,0.426588,0.411758,-0.049245,0.42111,0.527491,-0.05735,0.398478,0.551312,-0.056927,0.31832,0.478282,-0.021294,0.372454,0.433195,-0.065839,0.38061,0.546166,-0.05592,0.35939,0.57531,-0.039874,0.264944,0.507796,-0.03177,0.319507,0.474754,-0.062577,0.333312,0.549244,-0.051442,0.313767,0.572699,-0.036694
A,0.339897,0.794353,-0.0,0.443701,0.712029,-0.021121,0.503862,0.559248,-0.029635,0.537155,0.451172,-0.039965,0.589797,0.391616,-0.042594,0.438819,0.451588,-0.004858,0.482517,0.407553,-0.037467,0.470293,0.508731,-0.049437,0.447796,0.538295,-0.054048,0.381866,0.454437,-0.01101,0.441197,0.414003,-0.048519,0.433366,0.528386,-0.056944,0.407821,0.549749,-0.057021,0.328705,0.477003,-0.022519,0.388637,0.432835,-0.066747,0.393827,0.545614,-0.055057,0.367894,0.572142,-0.038088,0.276514,0.50535,-0.034947,0.33709,0.476517,-0.06468,0.348201,0.550768,-0.051635,0.324103,0.570756,-0.035867
A,0.357017,0.806622,-0.0,0.460803,0.713104,-0.01459,0.517618,0.560659,-0.023945,0.551463,0.459876,-0.036668,0.606488,0.402895,-0.040704,0.447271,0.434087,-0.002687,0.503388,0.400689,-0.039715,0.489648,0.509052,-0.052185,0.463635,0.524488,-0.056653,0.390883,0.439233,-0.014179,0.467855,0.413388,-0.054963,0.457997,0.538035,-0.061056,0.429079,0.542018,-0.058795,0.340148,0.467027,-0.030678,0.415324,0.438214,-0.079261,0.416024,0.561282,-0.063189,0.383853,0.573102,-0.042187,0.292047,0.50107,-0.047247,0.363945,0.480517,-0.076754,0.373108,0.561453,-0.05847,0.342889,0.574256,-0.038373
A,0.35806,0.811518,-0.0,0.461138,0.716523,-0.016383,0.519255,0.562786,-0.025029,0.553771,0.462326,-0.036389,0.608643,0.404709,-0.038584,0.455408,0.438698,-0.005795,0.509657,0.406423,-0.041871,0.494579,0.515715,-0.053333,0.468781,0.526097,-0.057867,0.396191,0.43915,-0.016455,0.471435,0.412088,-0.056654,0.461293,0.537277,-0.062446,0.43265,0.537423,-0.060255,0.34376,0.466941,-0.031991,0.416232,0.436983,-0.080076,0.419493,0.561366,-0.063833,0.386908,0.569851,-0.043215,0.295293,0.500337,-0.047874,0.365589,0.482624,-0.077249,0.376433,0.562405,-0.059339,0.34638,0.571232,-0.039823
A,0.357566,0.811432,-0.0,0.461547,0.71951,-0.017779,0.521613,0.565749,-0.027037,0.55704,0.46381,-0.038914,0.611384,0.405062,-0.041422,0.455828,0.439405,-0.005109,0.510317,0.405068,-0.04149,0.494524,0.515464,-0.052988,0.469327,0.526723,-0.057095,0.396366,0.440405,-0.014791,0.47302,0.414733,-0.055711,0.462485,0.540061,-0.062116,0.434666,0.539807,-0.059817,0.344482,0.467763,-0.02957,0.41938,0.440086,-0.077913,0.420791,0.563623,-0.062093,0.388498,0.571252,-0.041304,0.297305,0.500348,-0.044836,0.369255,0.485069,-0.074129,0.378578,0.564402,-0.056461,0.348329,0.572807,-0.036797
A,0.360383,0.808134,-0.0,0.464683,0.713515,-0.017533,0.523254,0.562663,-0.02724,0.558173,0.462132,-0.03957,0.612107,0.403345,-0.042471,0.458348,0.43916,-0.006384,0.511701,0.401713,-0.042281,0.498206,0.512452,-0.053039,0.474627,0.527296,-0.056671,0.400346,0.438657,-0.016194,0.47375,0.410175,-0.056435,0.464875,0.536334,-0.062015,0.438497,0.5387,-0.05934,0.34886,0.464716,-0.030969,0.421346,0.436962,-0.078974,0.42411,0.560842,-0.063021,0.393703,0.571265,-0.042283,0.301128,0.496935,-0.046202,0.371278,0.481295,-0.075637,0.382068,0.561644,-0.058059,0.354024,0.572404,-0.038417
A,0.361552,0.806895,-0.0,0.465058,0.713642,-0.016155,0.523238,0.561512,-0.024469,0.557366,0.460503,-0.03543,0.612142,0.403097,-0.037292,0.463811,0.440516,-0.00661,0.51584,0.405825,-0.042123,0.501579,0.51378,-0.052195,0.479637,0.528774,-0.055626,0.40449,0.437214,-0.017318,0.478145,0.409372,-0.057854,0.467408,0.534675,-0.062989,0.441303,0.538375,-0.059645,0.351362,0.461522,-0.032832,0.42312,0.435115,-0.08153,0.425501,0.559314,-0.066042,0.395783,0.570188,-0.045437,0.302466,0.49324,-0.048644,0.371758,0.478205,-0.078882,0.383603,0.559899,-0.061944,0.357932,0.571287,-0.042694
A,0.36197,0.806572,-0.0,0.465552,0.713313,-0.015979,0.524328,0.561368,-0.024083,0.558565,0.460647,-0.034886,0.612882,0.402924,-0.036618,0.463663,0.440072,-0.006173,0.516633,0.40602,-0.041841,0.501601,0.514,-0.052169,0.479402,0.527366,-0.055871,0.40416,0.437116,-0.016963,0.478869,0.409696,-0.058067,0.4678,0.535478,-0.063625,0.441545,0.538545,-0.060467,0.351142,0.462027,-0.03252,0.423584,0.435552,-0.0816,0.426201,0.560196,-0.066201,0.396287,0.570597,-0.045546,0.302522,0.493712,-0.048359,0.371759,0.47899,-0.078803,0.384232,0.560689,-0.06203,0.359196,0.571983,-0.042873
A,0.363744,0.809991,-0.0,0.46638,0.715091,-0.017916,0.524604,0.563954,-0.027478,0.559532,0.463465,-0.039315,0.613067,0.402462,-0.042092,0.46373,0.440328,-0.007981,0.517526,0.405012,-0.044145,0.504259,0.51294,-0.055176,0.481872,0.530286,-0.059012,0.406445,0.438595,-0.01786,0.479799,0.409812,-0.058977,0.470479,0.53595,-0.064768,0.444562,0.543218,-0.061884,0.353795,0.463684,-0.032628,0.424657,0.436376,-0.081595,0.427648,0.560275,-0.066381,0.398849,0.574092,-0.045944,0.304229,0.496641,-0.047827,0.371807,0.478843,-0.078551,0.384139,0.560759,-0.061728,0.359856,0.5751,-0.042503
A,0.36301,0.809365,-0.0,0.466817,0.713847,-0.013745,0.525598,0.566291,-0.021856,0.560437,0.465804,-0.03323,0.61436,0.407209,-0.036002,0.463778,0.44505,-0.005428,0.517343,0.40992,-0.041469,0.502219,0.516815,-0.05318,0.477999,0.532133,-0.057675,0.403322,0.44169,-0.017498,0.479286,0.409885,-0.060143,0.468774,0.534708,-0.068204,0.440181,0.542012,-0.066397,0.35023,0.46693,-0.033725,0.423989,0.435704,-0.08224,0.427509,0.558722,-0.067167,0.395647,0.571311,-0.046795,0.300585,0.498319,-0.050164,0.370464,0.481462,-0.080137,0.384168,0.562727,-0.06294,0.358805,0.575651,-0.043475
A,0.361401,0.813619,-0.0,0.460818,0.718913,-0.017949,0.520721,0.568099,-0.028881,0.55427,0.466603,-0.041872,0.609771,0.410322,-0.045596,0.457838,0.440891,-0.010737,0.51287,0.409574,-0.047696,0.497146,0.519106,-0.058963,0.470384,0.533046,-0.062941,0.398953,0.438608,-0.020458,0.473653,0.413495,-0.061306,0.463474,0.539227,-0.066599,0.435384,0.543305,-0.063829,0.347386,0.465202,-0.034734,0.41884,0.440638,-0.081918,0.422484,0.56343,-0.06565,0.392778,0.575199,-0.045269,0.300233,0.500113,-0.049512,0.367265,0.485148,-0.078316,0.379966,0.566047,-0.061089,0.355817,0.578875,-0.042094
A,0.353838,0.80993,-0.0,0.457552,0.71903,-0.016561,0.51752,0.563463,-0.025092,0.551236,0.462135,-0.035772,0.6056,0.406126,-0.037354,0.452246,0.440141,-0.005735,0.506874,0.415773,-0.041354,0.491317,0.521265,-0.05267,0.465145,0.528546,-0.057264,0.393513,0.438546,-0.016124,0.470576,0.420009,-0.054438,0.459123,0.541362,-0.059912,0.430663,0.536308,-0.058425,0.341413,0.464518,-0.031454,0.416457,0.442812,-0.078236,0.417671,0.563887,-0.062987,0.385815,0.56813,-0.043845,0.29403,0.498524,-0.047141,0.366038,0.485186,-0.076358,0.375905,0.564009,-0.059538,0.346655,0.570939,-0.04124
A,0.347978,0.798008,-0.0,0.4504,0.712542,-0.018963,0.51147,0.558668,-0.028009,0.545238,0.454132,-0.038663,0.597486,0.394074,-0.041053,0.448644,0.44371,-0.011891,0.496937,0.407298,-0.044909,0.483495,0.511081,-0.054166,0.461325,0.520398,-0.057804,0.388711,0.444318,-0.020124,0.458808,0.417339,-0.056448,0.450647,0.535391,-0.061947,0.425576,0.533257,-0.061346,0.335894,0.472122,-0.032727,0.404321,0.440736,-0.077684,0.409783,0.557822,-0.063124,0.381431,0.565903,-0.04528,0.287348,0.504047,-0.045766,0.353315,0.484566,-0.075568,0.366457,0.560551,-0.060183,0.340773,0.571055,-0.043202
A,0.336014,0.79449,-0.0,0.440359,0.713677,-0.021625,0.504022,0.558371,-0.029758,0.536662,0.450233,-0.039152,0.590451,0.390393,-0.040473,0.443131,0.45034,-0.009119,0.4859,0.40867,-0.040275,0.47118,0.511172,-0.049395,0.450304,0.523581,-0.053195,0.381645,0.44999,-0.015272,0.448005,0.414072,-0.051315,0.439396,0.529009,-0.058877,0.414667,0.532379,-0.059025,0.32809,0.477583,-0.026119,0.392317,0.436297,-0.070355,0.399351,0.5502,-0.058406,0.371596,0.561421,-0.041981,0.278758,0.506601,-0.037633,0.341376,0.482022,-0.067295,0.35555,0.556064,-0.053852,0.331842,0.56771,-0.038305
A,0.322008,0.78797,-0.0,0.425285,0.70641,-0.022655,0.489318,0.550151,-0.030374,0.522299,0.439801,-0.038785,0.57472,0.381267,-0.038771,0.422157,0.445993,-0.010633,0.466813,0.395598,-0.042309,0.453907,0.497183,-0.050893,0.431019,0.516976,-0.053452,0.362837,0.448589,-0.015914,0.422164,0.404171,-0.052825,0.416154,0.521835,-0.059624,0.393106,0.532269,-0.058996,0.30981,0.475427,-0.026158,0.369082,0.430074,-0.070967,0.377,0.544644,-0.05889,0.35239,0.561173,-0.04186,0.259015,0.505374,-0.037142,0.318494,0.474398,-0.067194,0.332352,0.547629,-0.05404,0.309264,0.562438,-0.038435
A,0.314698,0.789757,-0.0,0.419646,0.706365,-0.022565,0.482198,0.552945,-0.030439,0.512141,0.441019,-0.038959,0.561223,0.376074,-0.038886,0.413841,0.445343,-0.011842,0.459991,0.389647,-0.043613,0.448095,0.494942,-0.050874,0.425601,0.518171,-0.052074,0.355841,0.449026,-0.017491,0.415908,0.400213,-0.055283,0.408965,0.520725,-0.062198,0.384949,0.533182,-0.061204,0.302857,0.4759,-0.027882,0.361625,0.425111,-0.073302,0.367396,0.541302,-0.060706,0.342507,0.558457,-0.043006,0.250585,0.506257,-0.038895,0.30815,0.470437,-0.069259,0.321573,0.54368,-0.055537,0.298757,0.558909,-0.039325
A,0.313145,0.796329,-0.0,0.415941,0.702924,-0.01924,0.472346,0.552556,-0.027855,0.50178,0.445875,-0.038149,0.552042,0.384237,-0.039258,0.408168,0.435096,-0.008841,0.453624,0.390416,-0.042281,0.442031,0.497341,-0.051038,0.417758,0.508749,-0.053864,0.347346,0.438982,-0.017235,0.410783,0.399438,-0.055058,0.406092,0.521836,-0.060477,0.380226,0.520631,-0.059193,0.293056,0.467671,-0.030428,0.354215,0.419801,-0.07726,0.362744,0.542208,-0.061629,0.333544,0.55083,-0.042178,0.240915,0.500721,-0.044053,0.302623,0.470006,-0.073774,0.316728,0.544332,-0.057006,0.288361,0.552447,-0.038848
A,0.30999,0.792691,-0.0,0.412049,0.702533,-0.019205,0.468744,0.550433,-0.026645,0.496881,0.440226,-0.035214,0.546266,0.376878,-0.034408,0.405407,0.440011,-0.010157,0.450327,0.390996,-0.041598,0.438195,0.500365,-0.04816,0.413297,0.51329,-0.049905,0.342728,0.441734,-0.018413,0.405436,0.397537,-0.054445,0.399268,0.521496,-0.059274,0.371715,0.520263,-0.057959,0.2872,0.469703,-0.031114,0.346889,0.417489,-0.07676,0.355241,0.54075,-0.060942,0.325446,0.547399,-0.041862,0.234538,0.502381,-0.044141,0.294348,0.468989,-0.073734,0.30899,0.543876,-0.05684,0.280643,0.551223,-0.038929
A,0.304822,0.792181,-0.0,0.406071,0.700796,-0.018825,0.462647,0.547327,-0.025255,0.490726,0.437715,-0.032718,0.542228,0.378739,-0.03108,0.401215,0.438844,-0.008957,0.443526,0.394744,-0.039885,0.430844,0.501108,-0.047609,0.406328,0.511801,-0.050652,0.337314,0.440314,-0.017119,0.39729,0.398907,-0.051406,0.392261,0.520037,-0.055664,0.36608,0.518028,-0.054618,0.280742,0.468276,-0.029898,0.338456,0.418002,-0.074328,0.348861,0.53928,-0.058563,0.320321,0.545877,-0.040037,0.226858,0.501435,-0.043076,0.285921,0.467241,-0.071798,0.30114,0.541586,-0.054639,0.272965,0.549971,-0.036843
A,0.298923,0.789792,-0.0,0.39816,0.700162,-0.018708,0.453972,0.551248,-0.025256,0.48287,0.442428,-0.032898,0.528996,0.374239,-0.031634,0.396043,0.445504,-0.009575,0.435991,0.39674,-0.040808,0.425724,0.500786,-0.048114,0.401183,0.513767,-0.05072,0.333828,0.445689,-0.018386,0.390995,0.395229,-0.054942,0.386045,0.51668,-0.06071,0.358844,0.518145,-0.059929,0.276841,0.472005,-0.031586,0.330633,0.414825,-0.07812,0.340544,0.53706,-0.062894,0.311863,0.54462,-0.04413,0.221249,0.503504,-0.045057,0.277009,0.468943,-0.075959,0.292279,0.542553,-0.059662,0.265507,0.549464,-0.04218
B,0.317448,0.861317,0.0,0.395356,0.796179,-0.022252,0.446808,0.657974,-0.022124,0.406451,0.561312,-0.022146,0.324518,0.570781,-0.02296,0.395123,0.497646,0.006726,0.398487,0.372757,-0.000878,0.397114,0.295059,-0.016277,0.393381,0.226159,-0.032047,0.343061,0.486269,-0.001397,0.349576,0.349218,-0.006591,0.355127,0.259222,-0.024696,0.353848,0.185412,-0.04113,0.297595,0.505445,-0.014339,0.299617,0.368706,-0.024156,0.308296,0.28517,-0.044418,0.310424,0.216148,-0.06012,0.253051,0.549738,-0.03078,0.256373,0.439574,-0.040134,0.262124,0.37129,-0.048741,0.265504,0.309226,-0.05741
B,0.318218,0.860592,0.0,0.396566,0.79707,-0.022399,0.447717,0.65849,-0.022388,0.406412,0.561092,-0.022429,0.323587,0.570048,-0.023195,0.395886,0.498506,0.006111,0.398946,0.373376,-0.00194,0.397279,0.295255,-0.017391,0.393088,0.226501,-0.03304,0.343407,0.486981,-0.001921,0.349938,0.349768,-0.007427,0.355565,0.260092,-0.025452,0.35396,0.187289,-0.041707,0.297892,0.505736,-0.014771,0.29921,0.368949,-0.024891,0.307688,0.285431,-0.0449,0.309539,0.21704,-0.06033,0.253284,0.549385,-0.03113,0.256552,0.439549,-0.040601,0.262663,0.371763,-0.049063,0.266381,0.310384,-0.057598
B,0.317865,0.861027,0.0,0.395624,0.79789,-0.022187,0.447757,0.660953,-0.022221,0.408832,0.563176,-0.022341,0.327085,0.570133,-0.023269,0.39572,0.497985,0.005979,0.39891,0.372778,-0.002113,0.397424,0.294814,-0.017586,0.3932,0.226336,-0.033221,0.343809,0.486945,-0.002233,0.35011,0.349435,-0.007953,0.35542,0.259359,-0.026245,0.353372,0.186117,-0.04265,0.298645,0.506138,-0.015187,0.300535,0.369021,-0.025548,0.309012,0.28485,-0.045778,0.310733,0.215828,-0.061353,0.254036,0.550261,-0.03157,0.25736,0.440064,-0.041459,0.263447,0.371987,-0.050074,0.267124,0.310419,-0.058607
B,0.319229,0.856728,0.0,0.39719,0.794338,-0.02164,0.447824,0.658021,-0.021214,0.408096,0.562048,-0.020992,0.328886,0.569,-0.021758,0.398831,0.497824,0.006642,0.401886,0.374006,-0.001228,0.400318,0.296412,-0.016636,0.396159,0.227769,-0.032167,0.347264,0.486553,-0.001401,0.353074,0.350098,-0.006861,0.35731,0.260179,-0.024843,0.354827,0.18674,-0.040966,0.3017,0.505343,-0.014181,0.303374,0.368876,-0.024305,0.310803,0.285611,-0.044294,0.3118,0.217271,-0.059449,0.256034,0.549148,-0.030324,0.259186,0.437679,-0.039869,0.265095,0.369227,-0.048306,0.268699,0.307356,-0.056552
B,0.319642,0.857765,0.0,0.397565,0.796416,-0.022718,0.448932,0.661214,-0.022863,0.409955,0.564961,-0.02312,0.331032,0.570354,-0.02422,0.399614,0.498704,0.00584,0.402963,0.374986,-0.002813,0.401511,0.297495,-0.018984,0.39738,0.2288,-0.034993,0.347957,0.486903,-0.001835,0.35405,0.35099,-0.007941,0.359053,0.261358,-0.026386,0.35731,0.188161,-0.0428,0.302569,0.50542,-0.014397,0.304006,0.369789,-0.024926,0.311812,0.28643,-0.045195,0.313366,0.218031,-0.060578,0.257552,0.54908,-0.030483,0.260729,0.439551,-0.040452,0.266473,0.371173,-0.0493,0.269869,0.309373,-0.057827
B,0.319415,0.860973,0.0,0.39757,0.79727,-0.021658,0.44979,0.663234,-0.021654,0.413017,0.567772,-0.021964,0.334281,0.572388,-0.023123,0.400234,0.500715,0.006495,0.404437,0.37729,-0.00198,0.403707,0.300049,-0.018088,0.400501,0.231583,-0.034064,0.348762,0.488321,-0.001716,0.355782,0.352219,-0.007726,0.361241,0.26217,-0.026251,0.359867,0.188345,-0.042771,0.30349,0.506206,-0.014649,0.305694,0.370847,-0.024722,0.313933,0.287644,-0.045022,0.315718,0.219275,-0.060621,0.258617,0.549469,-0.031005,0.261922,0.440423,-0.040516,0.267766,0.372383,-0.049208,0.271373,0.310943,-0.057724
B,0.318982,0.859491,0.0,0.396199,0.797927,-0.022656,0.448732,0.664738,-0.022809,0.413174,0.56853,-0.02307,0.335254,0.571957,-0.024022,0.399523,0.500769,0.005977,0.404238,0.377715,-0.002369,0.403889,0.300556,-0.01828,0.401019,0.23239,-0.034078,0.348256,0.488626,-0.001524,0.355659,0.352997,-0.00727,0.361582,0.263948,-0.025341,0.360511,0.191348,-0.041512,0.303222,0.506809,-0.013866,0.305442,0.372327,-0.023755,0.313845,0.289236,-0.043742,0.315617,0.221561,-0.059137,0.258772,0.550213,-0.029777,0.261593,0.442364,-0.03921,0.267443,0.374851,-0.047861,0.271261,0.314198,-0.056348
B,0.318759,0.859349,0.0,0.39675,0.795589,-0.022101,0.449385,0.662379,-0.022231,0.41217,0.567254,-0.022598,0.333139,0.572838,-0.02379,0.399976,0.499934,0.006175,0.404394,0.377031,-0.00212,0.403822,0.300019,-0.017951,0.400965,0.231694,-0.033863,0.348426,0.487619,-0.001889,0.355399,0.352214,-0.007844,0.360888,0.262586,-0.02645,0.359733,0.189303,-0.043171,0.302992,0.505825,-0.014683,0.305183,0.371147,-0.024918,0.31334,0.287854,-0.045477,0.315303,0.219707,-0.06133,0.257986,0.549364,-0.030924,0.261094,0.440814,-0.0407,0.267268,0.372693,-0.049711,0.271577,0.311249,-0.058532
B,0.317129,0.859954,0.0,0.394715,0.798978,-0.022653,0.448498,0.666134,-0.022522,0.414584,0.569983,-0.022395,0.336711,0.57276,-0.023004,0.398759,0.503024,0.005125,0.404076,0.379679,-0.003185,0.403947,0.302107,-0.018727,0.400843,0.233553,-0.034318,0.347206,0.490895,-0.002484,0.355323,0.354064,-0.008571,0.361378,0.264981,-0.026766,0.359721,0.193059,-0.043038,0.301687,0.509051,-0.014868,0.30499,0.373028,-0.025356,0.313548,0.289072,-0.045784,0.31499,0.221096,-0.061469,0.25667,0.551896,-0.030737,0.25995,0.442997,-0.040883,0.266419,0.375076,-0.050125,0.270782,0.313981,-0.059093
B,0.313979,0.861974,0.0,0.391595,0.798863,-0.022891,0.445185,0.66584,-0.023405,0.411768,0.569581,-0.024064,0.334586,0.571878,-0.025506,0.395533,0.50134,0.004548,0.40044,0.377878,-0.004975,0.400443,0.299673,-0.021462,0.397675,0.230567,-0.037651,0.34432,0.489998,-0.003511,0.352621,0.352556,-0.010585,0.359001,0.263142,-0.029247,0.35786,0.190569,-0.04584,0.298949,0.509066,-0.016436,0.302057,0.373598,-0.027612,0.310616,0.289608,-0.048168,0.312272,0.221169,-0.063923,0.253723,0.553189,-0.032928,0.256915,0.445413,-0.043475,0.263804,0.377118,-0.052978,0.268461,0.315137,-0.062184
B,0.313468,0.859978,0.0,0.391546,0.795854,-0.022272,0.442721,0.659945,-0.022362,0.408478,0.563886,-0.022691,0.328872,0.570687,-0.023826,0.392394,0.50208,0.004842,0.396659,0.376869,-0.004692,0.395655,0.298667,-0.021314,0.3921,0.229745,-0.037604,0.340556,0.489733,-0.003273,0.347473,0.352501,-0.010357,0.353865,0.262075,-0.029204,0.353817,0.188679,-0.04578,0.294917,0.507979,-0.016136,0.29646,0.37204,-0.026911,0.305481,0.287574,-0.04755,0.30874,0.218196,-0.06341,0.250426,0.551376,-0.03253,0.253417,0.44397,-0.042795,0.259773,0.375206,-0.052227,0.264453,0.313031,-0.061376
B,0.310691,0.856687,0.0,0.390249,0.792696,-0.021678,0.439416,0.656154,-0.022081,0.397713,0.560552,-0.022815,0.3156,0.570687,-0.024616,0.391049,0.503558,0.004488,0.395405,0.376518,-0.005473,0.394234,0.295937,-0.02187,0.390027,0.22584,-0.037858,0.337845,0.491212,-0.004042,0.345637,0.352661,-0.011408,0.351977,0.2611,-0.030408,0.351451,0.187958,-0.046961,0.291515,0.50888,-0.017203,0.293644,0.371209,-0.028308,0.302512,0.285744,-0.049133,0.305561,0.215969,-0.064912,0.245967,0.551049,-0.033718,0.249335,0.442585,-0.043776,0.256536,0.374133,-0.05293,0.262296,0.312141,-0.061862
B,0.308392,0.856514,0.0,0.387445,0.793637,-0.021682,0.436407,0.658921,-0.022052,0.398194,0.565235,-0.022707,0.31785,0.567646,-0.024339,0.386993,0.502559,0.00476,0.391741,0.376181,-0.005341,0.390933,0.296856,-0.021914,0.386795,0.227493,-0.037705,0.334195,0.490574,-0.003313,0.341612,0.35221,-0.010591,0.346779,0.262928,-0.02899,0.345094,0.190876,-0.04481,0.287992,0.508605,-0.016033,0.291248,0.371671,-0.027453,0.299072,0.288022,-0.04665,0.300468,0.218981,-0.060843,0.242252,0.551433,-0.032066,0.247105,0.441437,-0.042325,0.253088,0.373306,-0.050066,0.25634,0.311328,-0.057459
B,0.299989,0.855659,0.0,0.379767,0.796151,-0.020713,0.429058,0.663194,-0.020009,0.394153,0.568991,-0.019688,0.316616,0.568399,-0.020446,0.38107,0.50305,0.005198,0.385848,0.376229,-0.004938,0.385349,0.296307,-0.021453,0.381217,0.226939,-0.036974,0.32911,0.490866,-0.002767,0.336697,0.353319,-0.009904,0.341613,0.263035,-0.027946,0.339336,0.190913,-0.043308,0.28283,0.508245,-0.015276,0.286631,0.3725,-0.026225,0.295264,0.288252,-0.045161,0.297257,0.219228,-0.059163,0.23627,0.550213,-0.031023,0.24106,0.441019,-0.041624,0.246727,0.372455,-0.049538,0.249827,0.310708,-0.056763
B,0.287233,0.857936,0.0,0.365926,0.792434,-0.022648,0.412055,0.659627,-0.024689,0.366715,0.568395,-0.027117,0.285755,0.569135,-0.030687,0.367653,0.499972,0.006377,0.371813,0.377181,-0.003063,0.370673,0.300341,-0.020364,0.36669,0.23204,-0.03681,0.314393,0.488207,-0.001729,0.321336,0.35166,-0.008027,0.325281,0.261802,-0.027121,0.323885,0.187841,-0.0437,0.266681,0.506426,-0.014649,0.271224,0.371253,-0.025016,0.279361,0.288811,-0.044659,0.281391,0.218934,-0.059303,0.218045,0.550079,-0.030976,0.22308,0.438842,-0.040449,0.22768,0.369112,-0.047605,0.229671,0.304642,-0.054517
B,0.271627,0.861585,0.0,0.354433,0.794402,-0.022671,0.402079,0.658838,-0.023685,0.357426,0.564185,-0.025294,0.275169,0.567475,-0.02823,0.359761,0.502598,0.006397,0.363065,0.376042,-0.004637,0.361166,0.296207,-0.022583,0.356057,0.225597,-0.039174,0.305199,0.489183,-0.001473,0.312343,0.352079,-0.00891,0.316494,0.261673,-0.02827,0.315069,0.187969,-0.045081,0.25587,0.506174,-0.01439,0.25862,0.370075,-0.025618,0.266195,0.286211,-0.046176,0.268881,0.216379,-0.06151,0.205676,0.548359,-0.030851,0.209858,0.439639,-0.040179,0.216594,0.371851,-0.048189,0.222032,0.310281,-0.056208
B,0.265236,0.865425,0.0,0.346793,0.795014,-0.022145,0.393201,0.654989,-0.022382,0.344584,0.559706,-0.023269,0.260648,0.568101,-0.025359,0.350009,0.500584,0.007986,0.353284,0.373462,-0.001141,0.351043,0.294829,-0.017925,0.345658,0.224582,-0.034037,0.294506,0.488361,-1.9e-05,0.301613,0.352289,-0.005212,0.304577,0.262948,-0.023361,0.301284,0.189391,-0.039735,0.245417,0.506437,-0.01299,0.24856,0.371699,-0.022088,0.255926,0.290065,-0.041447,0.257625,0.220468,-0.056468,0.195878,0.549365,-0.029606,0.200236,0.441394,-0.037394,0.207269,0.375367,-0.044291,0.212332,0.314992,-0.051794
B,0.2593,0.86523,0.0,0.342057,0.795276,-0.025498,0.389721,0.654485,-0.026484,0.340357,0.557571,-0.027441,0.254382,0.566177,-0.0292,0.34604,0.501534,0.007322,0.347796,0.374993,-0.002178,0.344027,0.295929,-0.019486,0.337282,0.224979,-0.035953,0.289535,0.487675,0.001226,0.295694,0.350934,-0.004068,0.298764,0.262772,-0.022051,0.2966,0.190964,-0.038143,0.239266,0.504934,-0.010371,0.240511,0.368939,-0.01926,0.246854,0.286653,-0.038564,0.249121,0.217249,-0.053438,0.189006,0.547702,-0.026069,0.192173,0.440102,-0.032815,0.198808,0.373174,-0.039561,0.204952,0.311619,-0.047158
B,0.259407,0.862149,0.0,0.340309,0.79371,-0.027562,0.388185,0.653513,-0.029603,0.34081,0.556494,-0.031164,0.258284,0.559213,-0.033327,0.342351,0.497955,0.004286,0.343674,0.369474,-0.00636,0.34003,0.289624,-0.024059,0.333217,0.217996,-0.040625,0.286607,0.485663,-0.001106,0.291898,0.348466,-0.007604,0.294178,0.258846,-0.025768,0.290111,0.187101,-0.041808,0.236818,0.504416,-0.01217,0.23907,0.367282,-0.022418,0.244877,0.283847,-0.041764,0.245609,0.214282,-0.056461,0.186811,0.548672,-0.027439,0.189696,0.441343,-0.036155,0.195359,0.374168,-0.043649,0.199524,0.312896,-0.051351
B,0.267552,0.85831,0.0,0.349318,0.790565,-0.024058,0.39661,0.657824,-0.025521,0.353128,0.563916,-0.026962,0.273319,0.559561,-0.0296,0.350231,0.50003,0.004559,0.352349,0.374096,-0.006362,0.349243,0.295327,-0.024033,0.342967,0.225194,-0.040179,0.295676,0.488111,-0.002085,0.300114,0.352252,-0.008908,0.302258,0.263319,-0.027745,0.298431,0.191265,-0.044025,0.246644,0.506365,-0.013771,0.247142,0.370876,-0.024243,0.252576,0.288248,-0.043761,0.253051,0.218854,-0.058345,0.197057,0.54983,-0.02901,0.199022,0.440851,-0.037808,0.204784,0.374245,-0.044833,0.209234,0.313614,-0.051797
B,0.268636,0.860141,0.0,0.350673,0.796165,-0.021903,0.399956,0.662658,-0.020743,0.360452,0.566829,-0.019934,0.28123,0.562689,-0.020048,0.356343,0.50731,0.010193,0.35975,0.382743,0.001728,0.35766,0.304377,-0.014702,0.35229,0.23473,-0.030581,0.302309,0.492504,0.003073,0.307468,0.355105,-0.002475,0.311052,0.266881,-0.021118,0.308545,0.195021,-0.037496,0.253264,0.50832,-0.00916,0.254513,0.371445,-0.019728,0.260901,0.288328,-0.040317,0.261672,0.218802,-0.055617,0.203576,0.549686,-0.024784,0.206007,0.440245,-0.034657,0.211022,0.372357,-0.043341,0.214367,0.310068,-0.051608
B,0.280338,0.858545,0.0,0.360944,0.791475,-0.022618,0.405929,0.660392,-0.023557,0.36283,0.568173,-0.024876,0.285681,0.562586,-0.027067,0.36165,0.504029,0.007997,0.364746,0.378386,-0.002215,0.36157,0.300448,-0.019767,0.35485,0.230971,-0.03596,0.309121,0.491844,0.000729,0.314577,0.355952,-0.005868,0.316602,0.265394,-0.025,0.312591,0.191974,-0.04147,0.260982,0.50911,-0.011631,0.263776,0.373702,-0.022273,0.269732,0.290806,-0.04224,0.270166,0.220872,-0.057075,0.211672,0.552036,-0.027405,0.214462,0.442145,-0.037434,0.217458,0.37462,-0.045078,0.218316,0.31277,-0.052187
B,0.287956,0.857084,0.0,0.366754,0.795266,-0.02098,0.410788,0.664462,-0.021881,0.368951,0.573638,-0.023272,0.290391,0.569444,-0.025833,0.367563,0.507864,0.006349,0.371471,0.38384,-0.003885,0.369501,0.30572,-0.021099,0.363771,0.23743,-0.037005,0.314842,0.495689,-0.001708,0.320811,0.358145,-0.00885,0.323074,0.268125,-0.027732,0.319166,0.195345,-0.0436,0.267242,0.51283,-0.014305,0.270258,0.376957,-0.025274,0.27657,0.294993,-0.044118,0.276616,0.226709,-0.057814,0.218883,0.555494,-0.030038,0.223179,0.445697,-0.04002,0.227,0.377626,-0.04672,0.227995,0.315674,-0.052867
B,0.296811,0.857579,0.0,0.374753,0.799305,-0.020032,0.421881,0.669041,-0.019523,0.386088,0.576367,-0.019508,0.308552,0.573963,-0.020686,0.375523,0.509245,0.006674,0.379665,0.386337,-0.002236,0.37851,0.309837,-0.018378,0.373974,0.242436,-0.033819,0.323449,0.496554,-0.001367,0.329184,0.360281,-0.007627,0.331836,0.272079,-0.025792,0.328524,0.200215,-0.041385,0.277024,0.513147,-0.013724,0.280246,0.379967,-0.023952,0.287194,0.298179,-0.04234,0.287614,0.229765,-0.056087,0.229505,0.554861,-0.029165,0.233044,0.446042,-0.038827,0.237142,0.378552,-0.045552,0.238689,0.317093,-0.051935
B,0.306209,0.860579,0.0,0.385139,0.798117,-0.020279,0.433386,0.667775,-0.021303,0.395701,0.576896,-0.022898,0.315307,0.580815,-0.025856,0.386189,0.508977,0.004581,0.389048,0.386371,-0.005565,0.387578,0.30915,-0.022867,0.383087,0.241044,-0.039207,0.334155,0.497411,-0.004182,0.339715,0.362492,-0.01121,0.342921,0.273898,-0.030006,0.340962,0.200894,-0.046325,0.287978,0.514623,-0.017217,0.290703,0.382312,-0.027703,0.297543,0.299012,-0.04687,0.298259,0.229461,-0.061354,0.240828,0.556716,-0.03338,0.245201,0.449004,-0.042667,0.249314,0.380681,-0.049632,0.250133,0.318834,-0.056512
B,0.312513,0.864283,0.0,0.39161,0.79897,-0.021087,0.443209,0.667747,-0.021261,0.409229,0.573879,-0.021977,0.330993,0.577944,-0.023691,0.394259,0.505545,0.00607,0.399073,0.383764,-0.003753,0.398879,0.307511,-0.02092,0.395784,0.239648,-0.037289,0.343021,0.4937,-0.002463,0.350483,0.360433,-0.009083,0.356056,0.272216,-0.027952,0.355239,0.199651,-0.044551,0.297263,0.5115,-0.015642,0.300158,0.37876,-0.025845,0.308877,0.295062,-0.046345,0.31154,0.225996,-0.062103,0.251277,0.554344,-0.032175,0.255503,0.448293,-0.041585,0.262218,0.381461,-0.050017,0.266631,0.32187,-0.058324
B,0.321996,0.862906,0.0,0.400713,0.798684,-0.019397,0.452952,0.669259,-0.01885,0.418801,0.577257,-0.018964,0.341029,0.580667,-0.020123,0.403376,0.508466,0.00839,0.410696,0.38794,0.000429,0.412804,0.312916,-0.015354,0.412098,0.247419,-0.03103,0.35239,0.496001,-0.000523,0.361605,0.363418,-0.006009,0.368514,0.274948,-0.024568,0.369248,0.202608,-0.041181,0.307567,0.512736,-0.013848,0.314038,0.379857,-0.023867,0.324293,0.297326,-0.04415,0.327883,0.229104,-0.059622,0.2626,0.555238,-0.030201,0.268211,0.44803,-0.0402,0.274224,0.380645,-0.048584,0.277159,0.319451,-0.056586
B,0.3273,0.866338,0.0,0.406064,0.801403,-0.019618,0.45862,0.671022,-0.019165,0.428382,0.578074,-0.019441,0.351691,0.58288,-0.020906,0.411926,0.507821,0.007436,0.419583,0.388546,-0.000817,0.421335,0.312833,-0.017347,0.420296,0.244953,-0.033886,0.361578,0.495694,-0.001953,0.371835,0.36331,-0.007664,0.379833,0.27549,-0.026583,0.381042,0.202443,-0.043751,0.316893,0.513368,-0.015778,0.322971,0.380993,-0.025745,0.334057,0.297344,-0.046716,0.337809,0.228043,-0.063121,0.272268,0.555801,-0.032775,0.277068,0.44888,-0.04264,0.284557,0.381238,-0.051833,0.289509,0.320651,-0.06094
B,0.34547,0.865368,0.0,0.423174,0.800844,-0.019015,0.473402,0.667412,-0.019205,0.438802,0.573108,-0.020221,0.363324,0.58174,-0.022602,0.424943,0.502403,0.005034,0.433492,0.382676,-0.002985,0.437178,0.308015,-0.018633,0.438412,0.241181,-0.034673,0.375016,0.492187,-0.00514,0.385826,0.359064,-0.010932,0.394345,0.269579,-0.029308,0.396507,0.193626,-0.045931,0.331604,0.512054,-0.019379,0.338068,0.378036,-0.029731,0.349298,0.293936,-0.049987,0.353694,0.222347,-0.065707,0.288239,0.557168,-0.036596,0.293867,0.446551,-0.047369,0.300649,0.378231,-0.056131,0.304186,0.316231,-0.064562
B,0.354415,0.858033,0.0,0.430876,0.798027,-0.018927,0.478223,0.669005,-0.018959,0.446533,0.574959,-0.019843,0.377531,0.578038,-0.021974,0.429986,0.503982,0.004018,0.44043,0.384076,-0.005838,0.444057,0.307439,-0.022283,0.443823,0.239736,-0.038153,0.381493,0.492825,-0.005791,0.393807,0.358941,-0.012938,0.402457,0.268188,-0.031137,0.40417,0.192727,-0.046977,0.33941,0.511207,-0.019649,0.345832,0.376565,-0.030572,0.356807,0.292692,-0.049661,0.361082,0.222518,-0.064214,0.297261,0.555286,-0.036512,0.301436,0.445567,-0.047687,0.307879,0.378434,-0.055791,0.311763,0.317901,-0.063256
B,0.366451,0.852857,0.0,0.441565,0.794295,-0.018525,0.485796,0.660234,-0.017964,0.451356,0.568184,-0.018511,0.382525,0.574444,-0.020382,0.439035,0.499959,0.005459,0.446523,0.380653,-0.003758,0.448617,0.30549,-0.020125,0.447393,0.239213,-0.03599,0.39072,0.489703,-0.004217,0.401377,0.356875,-0.010669,0.408486,0.265699,-0.028558,0.409405,0.190067,-0.044257,0.348526,0.508908,-0.018089,0.354941,0.377131,-0.028068,0.365788,0.295256,-0.047118,0.36995,0.226919,-0.061799,0.306529,0.553332,-0.03506,0.310729,0.44487,-0.045579,0.315071,0.376957,-0.053891,0.31649,0.315546,-0.06168
B,0.373969,0.850019,0.0,0.448663,0.790946,-0.018703,0.494682,0.659546,-0.01968,0.460844,0.566033,-0.021575,0.391458,0.56839,-0.024963,0.447145,0.49421,0.001537,0.454924,0.375545,-0.00871,0.45734,0.300571,-0.025309,0.456136,0.235129,-0.041129,0.398429,0.485079,-0.008524,0.409637,0.352147,-0.015464,0.416905,0.262123,-0.032749,0.416947,0.1879,-0.048074,0.356343,0.504929,-0.022576,0.362757,0.371859,-0.032735,0.373711,0.289044,-0.051079,0.377504,0.220115,-0.065448,0.313959,0.549172,-0.039608,0.318714,0.440156,-0.050261,0.324628,0.372796,-0.058181,0.326851,0.312025,-0.065695
B,0.376826,0.851822,0.0,0.453901,0.786671,-0.017652,0.499314,0.651577,-0.016716,0.464516,0.555711,-0.016687,0.395985,0.561488,-0.017962,0.452209,0.495615,0.00663,0.460622,0.376281,-0.000676,0.463711,0.300102,-0.01548,0.464432,0.232558,-0.030739,0.404386,0.484478,-0.003455,0.416145,0.351488,-0.008189,0.425906,0.26237,-0.025112,0.42882,0.188536,-0.040487,0.362141,0.503174,-0.017629,0.368357,0.368541,-0.026597,0.380539,0.285257,-0.046472,0.385931,0.215548,-0.062163,0.320084,0.546417,-0.034685,0.323911,0.437671,-0.044384,0.331535,0.371148,-0.053234,0.336642,0.310923,-0.061907
B,0.380537,0.850513,0.0,0.458272,0.790033,-0.018692,0.505755,0.656597,-0.018559,0.472202,0.558611,-0.018852,0.402866,0.560722,-0.020388,0.459404,0.493426,0.004327,0.466577,0.370333,-0.003095,0.469147,0.292627,-0.017966,0.46952,0.224798,-0.033075,0.410668,0.483458,-0.004843,0.420282,0.348761,-0.00894,0.429051,0.259825,-0.025298,0.43116,0.186944,-0.040387,0.367793,0.50304,-0.018064,0.372541,0.367917,-0.02639,0.384053,0.285098,-0.045075,0.388544,0.216562,-0.059943,0.32515,0.546981,-0.03424,0.329662,0.436881,-0.043475,0.336935,0.370309,-0.051267,0.340997,0.311116,-0.058979
B,0.379055,0.852989,0.0,0.457531,0.792786,-0.018873,0.504519,0.658099,-0.019066,0.467494,0.557829,-0.019663,0.395765,0.565864,-0.02164,0.457998,0.493034,0.004681,0.465667,0.370543,-0.001748,0.468077,0.293506,-0.01621,0.468293,0.225854,-0.031277,0.409505,0.483451,-0.004462,0.420258,0.349105,-0.007262,0.428852,0.260025,-0.023063,0.430783,0.186028,-0.038066,0.366873,0.503725,-0.017634,0.372052,0.36923,-0.024466,0.383433,0.286235,-0.042893,0.387713,0.216816,-0.05801,0.324064,0.548039,-0.033846,0.329095,0.437188,-0.041509,0.336585,0.37076,-0.048727,0.340732,0.311188,-0.056458
B,0.377433,0.853658,0.0,0.452855,0.792538,-0.016503,0.498165,0.657617,-0.015715,0.466635,0.558207,-0.015826,0.397559,0.563449,-0.017472,0.449144,0.494948,0.005439,0.457642,0.374283,-0.0009,0.46027,0.298864,-0.015201,0.460406,0.232124,-0.030084,0.402109,0.486256,-0.005125,0.413843,0.351385,-0.008285,0.422639,0.260904,-0.023992,0.424224,0.185884,-0.038638,0.360658,0.50731,-0.019441,0.366612,0.370644,-0.026711,0.37814,0.285408,-0.045031,0.38222,0.214453,-0.059929,0.318861,0.552182,-0.036501,0.322993,0.438355,-0.045054,0.330109,0.370363,-0.052374,0.334031,0.310041,-0.059901
B,0.374395,0.849813,0.0,0.448486,0.792582,-0.015827,0.491791,0.655147,-0.01415,0.460571,0.557644,-0.013515,0.395305,0.566761,-0.014337,0.440283,0.490698,0.006003,0.446968,0.370915,-0.000214,0.449252,0.296554,-0.014159,0.44906,0.231361,-0.028682,0.39406,0.484771,-0.004526,0.403353,0.350313,-0.007737,0.410424,0.260139,-0.023081,0.410509,0.186243,-0.0375,0.354156,0.507227,-0.018768,0.358653,0.372119,-0.026245,0.368616,0.286857,-0.043821,0.371099,0.216839,-0.058052,0.314646,0.552564,-0.035762,0.318192,0.438576,-0.044722,0.323897,0.369589,-0.052001,0.325968,0.30842,-0.059376
B,0.370422,0.8442,0.0,0.441983,0.784631,-0.013095,0.483853,0.646217,-0.008976,0.457651,0.551365,-0.006274,0.386818,0.577279,-0.005078,0.417787,0.484159,0.007959,0.418895,0.367339,0.003689,0.416945,0.29274,-0.008849,0.414031,0.228892,-0.023326,0.375575,0.479837,-0.003867,0.378415,0.346254,-0.008295,0.381333,0.252414,-0.024501,0.379984,0.176991,-0.039426,0.339996,0.506846,-0.018854,0.337559,0.373736,-0.027231,0.341953,0.28387,-0.045312,0.341537,0.210772,-0.059923,0.307376,0.558066,-0.036378,0.306476,0.442144,-0.047492,0.306774,0.368449,-0.05658,0.304267,0.305059,-0.065122
B,0.370614,0.838911,0.0,0.440785,0.780367,-0.014359,0.480668,0.640319,-0.011381,0.451175,0.54615,-0.00961,0.378324,0.572609,-0.009266,0.410985,0.482066,0.004002,0.412339,0.36187,-0.001797,0.411748,0.283965,-0.01451,0.409914,0.217801,-0.029262,0.370031,0.478408,-0.008338,0.371425,0.33999,-0.015405,0.375109,0.240754,-0.032474,0.373591,0.163671,-0.047854,0.335711,0.506474,-0.023896,0.332208,0.368136,-0.034529,0.335613,0.274265,-0.053637,0.334404,0.199111,-0.068783,0.305596,0.559204,-0.042061,0.30346,0.443751,-0.055454,0.303876,0.367712,-0.066518,0.301421,0.301228,-0.076494
B,0.367602,0.840113,0.0,0.437041,0.778129,-0.012254,0.479344,0.640246,-0.007021,0.457476,0.545674,-0.003555,0.387971,0.56706,-0.001214,0.407357,0.479414,0.011042,0.407659,0.360343,0.007464,0.405994,0.285983,-0.004675,0.404201,0.221373,-0.019316,0.367897,0.476769,-0.001344,0.365065,0.338147,-0.005198,0.367595,0.243698,-0.021008,0.365127,0.168753,-0.036076,0.335525,0.505156,-0.017264,0.329101,0.368284,-0.026492,0.33087,0.277069,-0.046475,0.327696,0.203172,-0.062697,0.30772,0.55729,-0.035772,0.303033,0.445662,-0.049471,0.300587,0.370815,-0.061977,0.295557,0.30529,-0.073177
B,0.368926,0.835587,0.0,0.437658,0.773248,-0.010145,0.47878,0.637652,-0.004261,0.458043,0.54389,-0.000856,0.38911,0.560574,0.001548,0.40641,0.480499,0.015327,0.407674,0.362154,0.012058,0.406834,0.287998,-0.000197,0.405931,0.223401,-0.014898,0.368356,0.476447,0.001584,0.366571,0.338558,-0.001668,0.369589,0.244763,-0.017042,0.367903,0.170101,-0.031989,0.337341,0.502297,-0.015934,0.331883,0.366952,-0.024541,0.333148,0.27647,-0.04406,0.329964,0.202527,-0.060262,0.311049,0.551412,-0.036081,0.306804,0.441491,-0.048938,0.304145,0.367024,-0.061257,0.299342,0.300991,-0.072722
B,0.364034,0.840993,0.0,0.437923,0.760783,0.000456,0.474278,0.636559,0.008923,0.459872,0.543074,0.013853,0.395706,0.558831,0.01656,0.402436,0.48897,0.01417,0.40352,0.361727,0.011745,0.400121,0.284447,0.00078,0.397889,0.216099,-0.013242,0.369303,0.483983,-0.002994,0.365798,0.338844,-0.007862,0.365043,0.241833,-0.024431,0.362532,0.164017,-0.040407,0.339476,0.511013,-0.021329,0.33123,0.369253,-0.027948,0.330489,0.276716,-0.04477,0.328514,0.201332,-0.059738,0.314867,0.564407,-0.041023,0.307882,0.445143,-0.052472,0.30468,0.369345,-0.062318,0.300065,0.305864,-0.071951
B,0.364338,0.842348,0.0,0.43547,0.762485,-0.003745,0.472666,0.640022,0.002516,0.459158,0.544714,0.00567,0.39527,0.550299,0.006524,0.402359,0.487356,0.012231,0.400628,0.35934,0.00782,0.396551,0.281409,-0.004802,0.393077,0.212059,-0.019729,0.368597,0.4829,-0.003922,0.362445,0.335658,-0.009739,0.361318,0.239723,-0.026713,0.357336,0.163106,-0.042736,0.33918,0.510405,-0.022089,0.330439,0.366508,-0.031375,0.328929,0.273945,-0.049397,0.325292,0.198063,-0.064644,0.313946,0.564759,-0.041932,0.306185,0.445293,-0.0557,0.302209,0.370389,-0.066248,0.296829,0.307127,-0.075973
B,0.362232,0.842149,0.0,0.433494,0.765034,-0.004455,0.472482,0.641652,0.001142,0.458608,0.546394,0.003893,0.38955,0.557396,0.004301,0.401081,0.485764,0.010145,0.399209,0.355975,0.006164,0.39473,0.278102,-0.006345,0.390584,0.208869,-0.021214,0.366267,0.482039,-0.005688,0.360198,0.334743,-0.010085,0.358121,0.237579,-0.026485,0.352958,0.160546,-0.04247,0.335653,0.510284,-0.023367,0.326522,0.365828,-0.0306,0.324676,0.272729,-0.047643,0.320582,0.19755,-0.062754,0.309661,0.56515,-0.042915,0.302531,0.445218,-0.054986,0.29844,0.369557,-0.06445,0.292816,0.30591,-0.073687
B,0.359852,0.841469,0.0,0.429291,0.771169,-0.011068,0.470246,0.645834,-0.008615,0.452385,0.551388,-0.008171,0.384055,0.558976,-0.009732,0.401608,0.484162,0.006773,0.399113,0.357877,-5.4e-05,0.395451,0.279758,-0.014678,0.390951,0.211242,-0.030706,0.364615,0.481274,-0.00661,0.357995,0.337034,-0.01301,0.35751,0.242151,-0.030912,0.351703,0.167099,-0.047876,0.332929,0.507854,-0.022954,0.323708,0.366295,-0.032679,0.323038,0.27473,-0.052725,0.317873,0.200768,-0.069741,0.305099,0.559109,-0.041658,0.295756,0.446161,-0.054652,0.292226,0.372859,-0.06611,0.287295,0.308745,-0.077049
B,0.35853,0.84079,0.0,0.428427,0.775993,-0.016313,0.472074,0.643147,-0.015021,0.4462,0.547057,-0.014736,0.371231,0.561254,-0.015894,0.401725,0.480708,0.003649,0.400911,0.357769,-0.00289,0.398449,0.280681,-0.016919,0.395232,0.213227,-0.032765,0.361107,0.477238,-0.00802,0.358209,0.334373,-0.014332,0.360014,0.239619,-0.031993,0.356564,0.164208,-0.048696,0.327586,0.503997,-0.023223,0.321997,0.363076,-0.033781,0.323472,0.271978,-0.054831,0.319811,0.197835,-0.072286,0.298081,0.555048,-0.041284,0.293309,0.441199,-0.054867,0.290975,0.366651,-0.067354,0.286424,0.300484,-0.07913
B,0.355683,0.839136,0.0,0.427551,0.774083,-0.015336,0.469433,0.640854,-0.013536,0.443536,0.546221,-0.012829,0.371613,0.561873,-0.013372,0.40174,0.477986,0.005116,0.401628,0.355209,-0.000429,0.399034,0.278519,-0.013769,0.396158,0.211859,-0.028955,0.359357,0.473762,-0.006675,0.357197,0.331812,-0.012067,0.359015,0.235947,-0.029629,0.356044,0.160673,-0.045912,0.324049,0.501334,-0.021806,0.317805,0.361037,-0.031555,0.319631,0.268841,-0.052214,0.316614,0.195662,-0.068874,0.293256,0.554634,-0.039631,0.290059,0.439605,-0.052168,0.288715,0.364914,-0.063426,0.284882,0.300981,-0.073808
B,0.353139,0.83976,0.0,0.42529,0.779399,-0.017269,0.467959,0.640372,-0.01553,0.439695,0.544969,-0.014567,0.368533,0.564582,-0.014572,0.401629,0.480244,0.005044,0.40237,0.358015,-0.000375,0.400711,0.281123,-0.013536,0.398149,0.215081,-0.028709,0.357762,0.475553,-0.005784,0.356567,0.333664,-0.010653,0.359756,0.239088,-0.027558,0.356654,0.165219,-0.043488,0.321548,0.501377,-0.020454,0.316634,0.361441,-0.030545,0.3195,0.270324,-0.051725,0.316112,0.197945,-0.068746,0.289647,0.551744,-0.038038,0.287155,0.439692,-0.050729,0.286614,0.366304,-0.062965,0.283022,0.302228,-0.074369
B,0.35167,0.840794,0.0,0.42436,0.781334,-0.01866,0.468955,0.640446,-0.016106,0.437209,0.546194,-0.014206,0.364336,0.566727,-0.01327,0.40403,0.479288,0.007529,0.40507,0.35903,0.001934,0.403381,0.282932,-0.011821,0.400008,0.217447,-0.026974,0.35821,0.473939,-0.00185,0.360704,0.336644,-0.006132,0.364474,0.244496,-0.022979,0.361667,0.170903,-0.03858,0.320655,0.497914,-0.015511,0.318668,0.362945,-0.024971,0.323475,0.274981,-0.045667,0.321658,0.203678,-0.062001,0.28656,0.544962,-0.032311,0.285525,0.434273,-0.043532,0.285661,0.363251,-0.054476,0.282777,0.300255,-0.06481
B,0.342365,0.843117,0.0,0.418502,0.784032,-0.020987,0.465053,0.647722,-0.021621,0.424352,0.551926,-0.02243,0.349664,0.565837,-0.02467,0.415332,0.485465,0.003827,0.418106,0.364905,-0.004247,0.416479,0.289053,-0.020156,0.41262,0.222984,-0.036003,0.367192,0.477177,-0.004484,0.374528,0.342705,-0.009382,0.379073,0.25098,-0.027121,0.376774,0.17639,-0.043212,0.325611,0.497965,-0.017126,0.329125,0.363689,-0.026188,0.336247,0.278399,-0.046646,0.336093,0.208548,-0.062486,0.284644,0.542744,-0.032916,0.289238,0.43277,-0.042149,0.293709,0.364312,-0.050879,0.294499,0.302619,-0.059397
B,0.343508,0.842299,0.0,0.42091,0.782088,-0.022473,0.47052,0.647417,-0.022822,0.432809,0.552547,-0.023246,0.357858,0.56242,-0.024614,0.418912,0.485904,0.003104,0.423675,0.364988,-0.005511,0.42408,0.288933,-0.021324,0.42203,0.22199,-0.037144,0.369032,0.475092,-0.00476,0.37683,0.340139,-0.011042,0.38267,0.249167,-0.029197,0.382118,0.174271,-0.045489,0.326467,0.49399,-0.017133,0.329323,0.361363,-0.027714,0.337987,0.277994,-0.047888,0.340296,0.208714,-0.063399,0.284957,0.537334,-0.032934,0.289653,0.428722,-0.043552,0.294438,0.36161,-0.052524,0.295832,0.301524,-0.061122
B,0.348406,0.840804,0.0,0.425339,0.781712,-0.02333,0.474464,0.651154,-0.024869,0.43818,0.554707,-0.026089,0.364091,0.55885,-0.028322,0.422305,0.488103,-0.001138,0.426614,0.367898,-0.011335,0.426504,0.291959,-0.027725,0.423557,0.224849,-0.043569,0.372236,0.477308,-0.008449,0.379676,0.343358,-0.016062,0.385043,0.252289,-0.034451,0.383885,0.176955,-0.050546,0.329324,0.496124,-0.020012,0.331181,0.363727,-0.031274,0.339435,0.279819,-0.051123,0.34127,0.209868,-0.066265,0.287692,0.539664,-0.034918,0.291405,0.431741,-0.046224,0.296246,0.364823,-0.055091,0.297707,0.305097,-0.063249
B,0.352901,0.844075,0.0,0.42943,0.785682,-0.022216,0.479986,0.654758,-0.023193,0.446125,0.558071,-0.024244,0.37402,0.560597,-0.026385,0.428422,0.488634,0.000863,0.433603,0.369806,-0.009044,0.434561,0.295517,-0.025383,0.432734,0.229718,-0.041338,0.378832,0.478814,-0.007282,0.386613,0.345941,-0.014975,0.391944,0.255245,-0.033674,0.391118,0.179253,-0.050125,0.336367,0.4984,-0.019737,0.339311,0.367138,-0.031425,0.347283,0.28333,-0.051392,0.348789,0.21251,-0.066738,0.294481,0.542533,-0.035455,0.298298,0.434991,-0.047524,0.302869,0.367691,-0.056841,0.303892,0.306207,-0.065353
B,0.357532,0.848888,0.0,0.434639,0.794822,-0.022534,0.483815,0.66606,-0.023796,0.453295,0.571291,-0.02514,0.382832,0.563474,-0.027738,0.438964,0.49973,-0.000928,0.444826,0.377158,-0.013578,0.444681,0.298977,-0.031965,0.440364,0.230088,-0.048606,0.388599,0.487584,-0.008752,0.396762,0.3521,-0.01848,0.401737,0.259885,-0.038012,0.399732,0.184082,-0.054333,0.343807,0.505631,-0.020973,0.34817,0.371606,-0.033909,0.356363,0.287076,-0.053806,0.357516,0.216303,-0.068532,0.299004,0.549275,-0.036415,0.303796,0.440827,-0.048982,0.308258,0.373245,-0.05782,0.309197,0.311651,-0.065469
B,0.360115,0.846799,0.0,0.437217,0.798583,-0.022444,0.484697,0.675187,-0.023387,0.462621,0.582056,-0.0243,0.396621,0.564966,-0.027085,0.441025,0.50193,-0.004028,0.445179,0.377106,-0.017825,0.444635,0.29859,-0.036569,0.440155,0.229457,-0.053283,0.391686,0.491396,-0.011511,0.398381,0.356183,-0.022468,0.403076,0.264605,-0.042476,0.400926,0.189458,-0.059008,0.346025,0.51106,-0.02318,0.349425,0.377704,-0.037116,0.358232,0.29529,-0.057436,0.36073,0.225544,-0.072426,0.298727,0.556272,-0.037911,0.300998,0.449324,-0.053003,0.305515,0.383004,-0.063278,0.307936,0.322519,-0.07146
B,0.36012,0.85099,0.0,0.436343,0.803074,-0.023768,0.484045,0.679344,-0.025671,0.459919,0.587037,-0.027256,0.394038,0.571194,-0.030638,0.44058,0.506076,-0.006763,0.444439,0.380517,-0.020966,0.443457,0.302087,-0.039778,0.438458,0.233127,-0.056461,0.38988,0.49576,-0.013623,0.396765,0.359404,-0.02479,0.400468,0.266837,-0.044798,0.397132,0.190703,-0.061397,0.343585,0.515454,-0.024607,0.347307,0.381567,-0.038536,0.355744,0.298253,-0.058606,0.357158,0.228138,-0.073367,0.296326,0.559994,-0.038727,0.299796,0.450613,-0.053411,0.304245,0.383442,-0.06334,0.305681,0.32292,-0.071247
B,0.357841,0.86036,0.0,0.434296,0.801323,-0.025521,0.479969,0.677026,-0.030321,0.4518,0.585054,-0.034845,0.384034,0.568141,-0.040802,0.438882,0.508153,-0.008177,0.44273,0.382382,-0.024024,0.440894,0.303791,-0.044105,0.435469,0.232888,-0.061592,0.387013,0.495834,-0.015513,0.394024,0.357257,-0.028211,0.397889,0.263946,-0.049288,0.395347,0.18605,-0.066635,0.339607,0.514403,-0.027141,0.34425,0.378922,-0.042437,0.35239,0.294365,-0.062805,0.353673,0.222232,-0.077653,0.291748,0.558894,-0.042018,0.297097,0.449617,-0.056531,0.302811,0.382631,-0.065614,0.304901,0.321818,-0.073038
B,0.351489,0.865019,0.0,0.429223,0.805327,-0.027456,0.474892,0.682065,-0.032273,0.448633,0.587796,-0.036085,0.383853,0.557561,-0.041282,0.436556,0.511712,-0.007314,0.441684,0.383651,-0.022288,0.441058,0.304933,-0.042375,0.436507,0.233382,-0.059943,0.38481,0.499418,-0.013248,0.390321,0.357333,-0.024757,0.394839,0.264311,-0.046342,0.392681,0.187333,-0.064492,0.336079,0.518141,-0.023914,0.339792,0.378657,-0.039044,0.348299,0.29308,-0.061203,0.350316,0.220094,-0.077448,0.286321,0.562028,-0.037821,0.29098,0.450159,-0.053087,0.297824,0.381728,-0.063836,0.30248,0.318811,-0.072572
B,0.348802,0.858121,0.0,0.427092,0.804484,-0.029043,0.473596,0.68217,-0.035445,0.444391,0.587475,-0.040556,0.376915,0.564001,-0.047392,0.436079,0.507707,-0.012121,0.440258,0.381071,-0.028258,0.439558,0.302543,-0.048641,0.435524,0.231867,-0.066576,0.384022,0.495767,-0.01804,0.387733,0.353231,-0.030604,0.392303,0.262018,-0.051956,0.391174,0.187391,-0.070006,0.335101,0.515232,-0.02859,0.338105,0.375499,-0.04492,0.346651,0.289667,-0.067206,0.349315,0.217369,-0.08339,0.284307,0.559774,-0.042446,0.288004,0.449151,-0.058637,0.294741,0.380585,-0.069725,0.299307,0.317636,-0.078721
B,0.349572,0.858481,0.0,0.427878,0.803235,-0.027998,0.472736,0.67766,-0.033725,0.440299,0.585325,-0.038239,0.37277,0.568548,-0.044376,0.437257,0.509512,-0.010199,0.44226,0.382705,-0.025359,0.441625,0.303837,-0.045005,0.437177,0.232837,-0.062562,0.385,0.496501,-0.016476,0.390125,0.354141,-0.028533,0.395029,0.262466,-0.049439,0.39379,0.187443,-0.066968,0.335687,0.515503,-0.027343,0.340103,0.374901,-0.04334,0.349273,0.289445,-0.065409,0.352514,0.216687,-0.081215,0.284996,0.560074,-0.041391,0.289561,0.44891,-0.056973,0.29666,0.380756,-0.067601,0.301806,0.318099,-0.07623
B,0.347643,0.855353,0.0,0.424757,0.806469,-0.028534,0.469003,0.685917,-0.035096,0.447293,0.594794,-0.040156,0.384576,0.565227,-0.047229,0.436774,0.512872,-0.016185,0.442489,0.385376,-0.032902,0.442971,0.305664,-0.052795,0.439315,0.234202,-0.070116,0.386374,0.499553,-0.022246,0.393364,0.356029,-0.035801,0.399419,0.26267,-0.056846,0.39919,0.18665,-0.074305,0.336819,0.518658,-0.032488,0.344194,0.378281,-0.049827,0.35456,0.290934,-0.072122,0.359122,0.217348,-0.087973,0.284691,0.563477,-0.045728,0.290035,0.4519,-0.063806,0.297885,0.382188,-0.075531,0.303961,0.319057,-0.084421
B,0.348172,0.86322,0.0,0.425901,0.806491,-0.027286,0.468662,0.682785,-0.033307,0.439926,0.592408,-0.03835,0.374182,0.572998,-0.045207,0.436599,0.513046,-0.010229,0.442631,0.384455,-0.025375,0.442574,0.304805,-0.045257,0.438236,0.232943,-0.062988,0.385099,0.499744,-0.017029,0.393008,0.35749,-0.029112,0.399518,0.264164,-0.050963,0.398774,0.186995,-0.069237,0.335497,0.518555,-0.028188,0.341486,0.378713,-0.044015,0.35242,0.292828,-0.066847,0.356552,0.219579,-0.083321,0.284011,0.56311,-0.04242,0.289043,0.450851,-0.058321,0.29706,0.381942,-0.069346,0.303131,0.319902,-0.078175
B,0.343949,0.863354,0.0,0.421799,0.805605,-0.029516,0.467484,0.682687,-0.036817,0.441016,0.590044,-0.042819,0.373451,0.572868,-0.050586,0.431569,0.510677,-0.01434,0.438106,0.383288,-0.03008,0.439012,0.304289,-0.050052,0.436579,0.23208,-0.068142,0.380672,0.498309,-0.02058,0.387112,0.355379,-0.033055,0.393113,0.26412,-0.054111,0.393229,0.189023,-0.072332,0.331957,0.517967,-0.03127,0.337581,0.37796,-0.047211,0.347966,0.291367,-0.069364,0.352098,0.218922,-0.085839,0.281857,0.562904,-0.045381,0.286726,0.45102,-0.06118,0.294038,0.381769,-0.072198,0.299137,0.319652,-0.081511
B,0.343125,0.858513,0.0,0.421304,0.802267,-0.029528,0.466189,0.679197,-0.036632,0.437089,0.586095,-0.042462,0.371086,0.566826,-0.04997,0.430711,0.507009,-0.01339,0.436534,0.380414,-0.030016,0.436199,0.301557,-0.050652,0.432232,0.229472,-0.068845,0.378802,0.494215,-0.019624,0.385601,0.351852,-0.032748,0.391072,0.259554,-0.054476,0.390076,0.183374,-0.072831,0.329415,0.513325,-0.030434,0.334162,0.373878,-0.046955,0.343861,0.287869,-0.069478,0.347322,0.215443,-0.08586,0.278247,0.558096,-0.044663,0.282614,0.447118,-0.060683,0.290236,0.378479,-0.071825,0.295594,0.316385,-0.080973
B,0.342911,0.861397,0.0,0.41996,0.804235,-0.029469,0.465645,0.680125,-0.036936,0.43404,0.586031,-0.043047,0.364967,0.570389,-0.050849,0.429489,0.505975,-0.012636,0.433418,0.377944,-0.028583,0.432117,0.298987,-0.049106,0.426654,0.22747,-0.067229,0.376916,0.494674,-0.018808,0.382383,0.351563,-0.031312,0.386979,0.258557,-0.053229,0.38499,0.181361,-0.07171,0.327759,0.515133,-0.029497,0.331564,0.374959,-0.045201,0.340512,0.289081,-0.067599,0.342763,0.216552,-0.083911,0.276494,0.560751,-0.043589,0.280633,0.447649,-0.058729,0.287465,0.378227,-0.069212,0.292031,0.315166,-0.077864
B,0.342999,0.86439,0.0,0.420123,0.805629,-0.029005,0.46634,0.681182,-0.035054,0.438045,0.588465,-0.040155,0.368091,0.568136,-0.046738,0.424082,0.503306,-0.008607,0.425698,0.375131,-0.024153,0.423689,0.295996,-0.044533,0.418537,0.223848,-0.062565,0.371613,0.493224,-0.014863,0.376721,0.3528,-0.027611,0.38097,0.259061,-0.050024,0.379326,0.179469,-0.068657,0.322655,0.514546,-0.025905,0.32482,0.377235,-0.042404,0.333739,0.291804,-0.064825,0.336482,0.218253,-0.081011,0.272365,0.561072,-0.04043,0.276553,0.450385,-0.056377,0.283139,0.381908,-0.067021,0.287558,0.318876,-0.075665
B,0.342332,0.862838,0.0,0.417148,0.808231,-0.025914,0.463298,0.681089,-0.029309,0.442079,0.587928,-0.032083,0.369938,0.571359,-0.036605,0.420876,0.504753,-0.004874,0.41944,0.377299,-0.017868,0.415626,0.297813,-0.03688,0.408823,0.227691,-0.054474,0.368617,0.496036,-0.012134,0.368015,0.353389,-0.023081,0.369349,0.260094,-0.044816,0.365196,0.183506,-0.063244,0.31998,0.518285,-0.023968,0.318376,0.378096,-0.039593,0.32419,0.290261,-0.062716,0.324158,0.217144,-0.079541,0.270055,0.565452,-0.038965,0.270073,0.452169,-0.055291,0.274529,0.381135,-0.067214,0.278099,0.316707,-0.076893
B,0.342083,0.855522,0.0,0.416383,0.802334,-0.021878,0.462469,0.677354,-0.023098,0.442549,0.584879,-0.024219,0.372235,0.570284,-0.027508,0.416902,0.504291,-0.004261,0.415725,0.376461,-0.017527,0.412289,0.295918,-0.035827,0.404981,0.225315,-0.05255,0.367477,0.49722,-0.01268,0.368872,0.356218,-0.024388,0.370368,0.261865,-0.045647,0.365205,0.185157,-0.063141,0.320653,0.51982,-0.025069,0.318746,0.37986,-0.040817,0.323636,0.29145,-0.062929,0.322749,0.218128,-0.078768,0.271823,0.566341,-0.040169,0.271651,0.45211,-0.056956,0.275032,0.381418,-0.068492,0.277086,0.317479,-0.077456
B,0.34049,0.852621,0.0,0.415409,0.799414,-0.020692,0.462938,0.675315,-0.022168,0.44639,0.582648,-0.023304,0.378352,0.564956,-0.026753,0.416271,0.507279,-0.008737,0.41638,0.377947,-0.023243,0.413692,0.297101,-0.041349,0.407262,0.227063,-0.0574,0.368096,0.499633,-0.017745,0.369271,0.354217,-0.030006,0.37058,0.259022,-0.050298,0.36563,0.182867,-0.067079,0.322205,0.52075,-0.030234,0.322,0.377589,-0.045541,0.326798,0.288124,-0.066819,0.32597,0.214846,-0.082292,0.273895,0.565544,-0.045189,0.273484,0.450218,-0.06117,0.277377,0.377808,-0.072092,0.279851,0.312156,-0.080777
B,0.345816,0.834566,0.0,0.419777,0.790228,-0.021163,0.464845,0.668006,-0.022691,0.443975,0.579013,-0.023228,0.373492,0.566983,-0.026319,0.416167,0.504717,-0.012808,0.416541,0.377795,-0.026055,0.414661,0.297513,-0.041833,0.407768,0.229705,-0.056048,0.367472,0.497997,-0.021223,0.369619,0.352125,-0.033018,0.371863,0.258329,-0.051437,0.367451,0.185864,-0.066222,0.322509,0.519217,-0.032736,0.321289,0.376207,-0.048365,0.326607,0.287866,-0.068625,0.326341,0.21641,-0.0827,0.275726,0.563161,-0.04657,0.274798,0.45018,-0.063234,0.278178,0.379457,-0.074005,0.280362,0.315789,-0.082163
B,0.340917,0.852412,0.0,0.41572,0.79799,-0.02212,0.465718,0.673665,-0.024392,0.440283,0.581184,-0.025927,0.368692,0.571844,-0.029209,0.412733,0.505401,-0.008386,0.413963,0.379929,-0.02124,0.413053,0.299601,-0.03833,0.408125,0.230709,-0.054169,0.364125,0.499283,-0.016944,0.36745,0.355955,-0.027686,0.371155,0.262873,-0.047024,0.3681,0.19045,-0.063473,0.320855,0.521347,-0.029168,0.320639,0.379943,-0.04368,0.326454,0.29082,-0.064908,0.325892,0.220497,-0.080433,0.277764,0.567215,-0.04413,0.277442,0.454747,-0.059046,0.279294,0.382648,-0.069778,0.278597,0.318654,-0.078605
B,0.344263,0.860602,0.0,0.419102,0.803804,-0.020378,0.466226,0.675488,-0.021813,0.438885,0.581634,-0.023132,0.366989,0.580406,-0.026291,0.411901,0.504828,-0.003771,0.412032,0.380543,-0.014788,0.410375,0.301242,-0.031435,0.405493,0.232471,-0.047668,0.364257,0.499714,-0.01394,0.36598,0.358125,-0.022948,0.369004,0.264947,-0.042091,0.365576,0.190721,-0.058799,0.321943,0.524045,-0.027888,0.320985,0.383776,-0.041032,0.325979,0.294531,-0.062068,0.324622,0.221921,-0.077997,0.280119,0.57327,-0.044604,0.279681,0.459881,-0.05911,0.281834,0.387702,-0.069733,0.281688,0.322682,-0.078841
B,0.342613,0.862793,0.0,0.417511,0.804774,-0.017838,0.464342,0.676855,-0.017873,0.445297,0.584073,-0.018607,0.378006,0.581164,-0.021073,0.411403,0.507903,4.6e-05,0.412784,0.385347,-0.010446,0.41162,0.307131,-0.02713,0.407445,0.238951,-0.043585,0.365799,0.502102,-0.011127,0.366923,0.361211,-0.019991,0.370249,0.268297,-0.039014,0.367733,0.194563,-0.055753,0.324607,0.526653,-0.026071,0.322667,0.386925,-0.039124,0.326439,0.297969,-0.059981,0.324918,0.225969,-0.07597,0.284253,0.576696,-0.043697,0.282102,0.465216,-0.058668,0.283159,0.392563,-0.069971,0.282598,0.327739,-0.079613
B,0.342122,0.859819,0.0,0.416097,0.80885,-0.019339,0.465131,0.678904,-0.019738,0.441733,0.584079,-0.020486,0.375067,0.583248,-0.02287,0.411656,0.506707,-0.001895,0.412563,0.385283,-0.012609,0.412398,0.306703,-0.028974,0.409308,0.239173,-0.045287,0.365284,0.501906,-0.012528,0.367209,0.361393,-0.021982,0.371968,0.269019,-0.040815,0.36976,0.196762,-0.057329,0.324624,0.526846,-0.027042,0.323728,0.387564,-0.040815,0.32872,0.299722,-0.062048,0.327307,0.229524,-0.078163,0.285113,0.576303,-0.044379,0.28243,0.4672,-0.059769,0.283167,0.39516,-0.071967,0.281939,0.329558,-0.082326
B,0.341951,0.865829,0.0,0.415073,0.81222,-0.016744,0.464306,0.6803,-0.015787,0.446985,0.586217,-0.01599,0.380894,0.582992,-0.017545,0.408557,0.509389,0.00463,0.408771,0.386259,-0.004667,0.407638,0.307494,-0.020658,0.403115,0.240495,-0.03681,0.363783,0.504014,-0.007366,0.364053,0.362688,-0.01561,0.367468,0.269584,-0.033844,0.363652,0.197135,-0.049871,0.323996,0.529026,-0.023551,0.321792,0.387768,-0.036607,0.325376,0.299639,-0.056828,0.322554,0.229694,-0.072266,0.285646,0.578512,-0.042561,0.282506,0.465906,-0.058082,0.281653,0.392268,-0.069937,0.278996,0.32629,-0.079901
B,0.340908,0.86518,0.0,0.41475,0.8109,-0.017354,0.463031,0.679067,-0.017192,0.443573,0.584533,-0.018208,0.377731,0.584725,-0.020679,0.4066,0.508522,0.003454,0.407336,0.386359,-0.006079,0.40625,0.307493,-0.022249,0.402131,0.239867,-0.038805,0.362523,0.503939,-0.008881,0.363333,0.363398,-0.017601,0.367036,0.269787,-0.036547,0.363818,0.196596,-0.053236,0.323237,0.530185,-0.02536,0.321759,0.388994,-0.038984,0.32512,0.29918,-0.060079,0.322393,0.227387,-0.076263,0.28535,0.581008,-0.04465,0.282768,0.468449,-0.060639,0.282393,0.394571,-0.072929,0.280067,0.328213,-0.083382
B,0.341545,0.86461,0.0,0.414916,0.808301,-0.016076,0.462013,0.677091,-0.015194,0.442176,0.584128,-0.01571,0.376986,0.586507,-0.017741,0.404657,0.509612,0.005039,0.405543,0.387571,-0.003582,0.404782,0.309104,-0.018962,0.401412,0.24196,-0.034999,0.361308,0.504831,-0.007558,0.361454,0.365018,-0.015448,0.364549,0.272237,-0.033586,0.36169,0.200213,-0.049683,0.322778,0.530868,-0.024211,0.320951,0.389797,-0.037315,0.323337,0.300228,-0.05761,0.320382,0.229407,-0.073159,0.286069,0.581856,-0.043605,0.282892,0.467707,-0.059391,0.281438,0.393181,-0.071188,0.278151,0.327652,-0.081158
B,0.34102,0.867842,0.0,0.416021,0.803198,-0.012531,0.459735,0.676729,-0.011122,0.439036,0.583457,-0.011354,0.372481,0.591391,-0.013643,0.40043,0.5121,0.004097,0.403348,0.386042,-0.002755,0.401868,0.308196,-0.016606,0.398626,0.240992,-0.031604,0.359307,0.507626,-0.009552,0.360602,0.364884,-0.014985,0.362413,0.27112,-0.031597,0.359949,0.19824,-0.046842,0.322289,0.535357,-0.026266,0.320338,0.390736,-0.036332,0.321832,0.299655,-0.054225,0.319748,0.227695,-0.068455,0.286794,0.590506,-0.045328,0.284183,0.467995,-0.058763,0.282861,0.39232,-0.067691,0.28027,0.32928,-0.075463
B,0.338484,0.868449,0.0,0.415315,0.802207,-0.012283,0.459238,0.67566,-0.010428,0.438514,0.579714,-0.009965,0.370076,0.58887,-0.01175,0.39982,0.511517,0.003352,0.402201,0.385492,-0.00202,0.400233,0.307928,-0.014856,0.397016,0.24058,-0.029543,0.358672,0.507759,-0.010221,0.359322,0.365301,-0.014766,0.360484,0.271821,-0.031491,0.358141,0.198135,-0.047019,0.321268,0.537135,-0.02648,0.319141,0.393696,-0.036028,0.320906,0.301078,-0.054553,0.319352,0.226986,-0.069462,0.285325,0.594498,-0.044912,0.283829,0.46997,-0.058308,0.283395,0.394689,-0.067332,0.281444,0.332863,-0.075283
B,0.337257,0.870471,0.0,0.414413,0.804291,-0.011028,0.459056,0.675721,-0.008048,0.440443,0.579335,-0.006708,0.371204,0.590006,-0.007586,0.399076,0.511845,0.005157,0.402383,0.386487,0.001036,0.40082,0.309061,-0.011061,0.397761,0.241489,-0.025561,0.358153,0.507938,-0.008961,0.359483,0.365312,-0.01275,0.361293,0.272123,-0.028977,0.358932,0.198676,-0.0443,0.320781,0.537373,-0.025699,0.319096,0.393318,-0.03474,0.321414,0.300455,-0.052966,0.319947,0.226143,-0.06785,0.285182,0.594542,-0.04458,0.284377,0.46891,-0.057821,0.284385,0.392801,-0.066938,0.282766,0.330246,-0.075143
B,0.337136,0.869443,0.0,0.413174,0.804505,-0.011742,0.459173,0.674273,-0.009014,0.438105,0.578509,-0.008006,0.367783,0.591409,-0.008997,0.39806,0.510772,0.006332,0.400604,0.386121,0.002192,0.399759,0.308443,-0.009931,0.397507,0.240927,-0.024573,0.356964,0.506757,-0.007846,0.35789,0.365007,-0.011758,0.360316,0.271454,-0.028129,0.357997,0.198176,-0.043591,0.320237,0.535823,-0.024981,0.318967,0.392451,-0.034455,0.321338,0.300161,-0.053246,0.319258,0.226375,-0.068481,0.285432,0.592122,-0.044422,0.284629,0.469127,-0.058001,0.284566,0.392815,-0.067984,0.282769,0.328763,-0.076913
B,0.337326,0.866208,0.0,0.411194,0.808277,-0.01222,0.458752,0.673071,-0.008406,0.439639,0.577505,-0.006455,0.370903,0.589767,-0.005921,0.398047,0.509281,0.010601,0.401642,0.387676,0.005692,0.401312,0.309562,-0.007266,0.398595,0.242594,-0.0222,0.356974,0.50443,-0.003073,0.35965,0.364533,-0.007872,0.364094,0.270998,-0.024452,0.361953,0.198346,-0.039794,0.320608,0.530284,-0.020474,0.319794,0.388374,-0.030991,0.323535,0.296775,-0.050935,0.321706,0.223597,-0.066787,0.286247,0.580911,-0.04036,0.285164,0.465655,-0.053885,0.285645,0.390929,-0.065154,0.283988,0.325599,-0.075413
B,0.335655,0.86496,0.0,0.410772,0.80426,-0.013728,0.457572,0.67244,-0.011178,0.437139,0.575789,-0.009817,0.368654,0.585455,-0.010252,0.396123,0.508815,0.004746,0.399152,0.384258,-0.000179,0.399192,0.306276,-0.012688,0.39742,0.238247,-0.027481,0.355549,0.504546,-0.00805,0.357434,0.363368,-0.012585,0.361224,0.270479,-0.028815,0.359325,0.197828,-0.044184,0.319188,0.532161,-0.024132,0.318749,0.388579,-0.034387,0.321636,0.296476,-0.053564,0.319563,0.22263,-0.069077,0.284554,0.585977,-0.042688,0.283512,0.464614,-0.056704,0.284055,0.38877,-0.06738,0.282845,0.324327,-0.077034
B,0.336066,0.865298,0.0,0.410113,0.805032,-0.0134,0.457758,0.670366,-0.009731,0.430259,0.574102,-0.007436,0.35748,0.590881,-0.006876,0.397042,0.509638,0.008707,0.398003,0.387905,0.004494,0.396965,0.309353,-0.007884,0.394934,0.241878,-0.022685,0.354442,0.503976,-0.004216,0.355263,0.364427,-0.008675,0.358508,0.270708,-0.025183,0.356608,0.19817,-0.040434,0.317668,0.530647,-0.020704,0.315951,0.388735,-0.031889,0.318033,0.29809,-0.051591,0.315559,0.226088,-0.066714,0.283166,0.583207,-0.039653,0.281701,0.462555,-0.053978,0.280841,0.38735,-0.064965,0.278479,0.323326,-0.074479
B,0.334685,0.866092,0.0,0.409274,0.809804,-0.015285,0.457364,0.67463,-0.012653,0.432601,0.577203,-0.011083,0.361162,0.58985,-0.011073,0.395817,0.510307,0.006932,0.397891,0.387852,0.001405,0.396894,0.309468,-0.012295,0.393988,0.241873,-0.027687,0.353994,0.504792,-0.004881,0.355949,0.365162,-0.009793,0.359545,0.270876,-0.026479,0.356862,0.1975,-0.041928,0.317436,0.530142,-0.020487,0.316493,0.38722,-0.03112,0.319183,0.297133,-0.050848,0.316472,0.225758,-0.066306,0.282946,0.580753,-0.038779,0.281559,0.461986,-0.051928,0.280915,0.388334,-0.062461,0.278123,0.325109,-0.071989
B,0.335588,0.863204,0.0,0.409517,0.806815,-0.014302,0.456752,0.671391,-0.010815,0.432872,0.574806,-0.008569,0.361417,0.590407,-0.007745,0.395518,0.508006,0.009208,0.398193,0.386197,0.004951,0.397191,0.307724,-0.007676,0.393979,0.241235,-0.02236,0.353101,0.502303,-0.002986,0.35488,0.363803,-0.006941,0.358851,0.270443,-0.023065,0.356784,0.198943,-0.037933,0.316172,0.528167,-0.018954,0.314429,0.386329,-0.029121,0.317615,0.295972,-0.048447,0.315747,0.224555,-0.063539,0.281589,0.5798,-0.037524,0.280461,0.462874,-0.05076,0.280001,0.389643,-0.061107,0.277615,0.326658,-0.070322
B,0.334751,0.862472,0.0,0.408722,0.806758,-0.015268,0.456554,0.669529,-0.012423,0.432335,0.573538,-0.010752,0.360789,0.589613,-0.010519,0.395212,0.50673,0.008173,0.397486,0.38551,0.003007,0.396577,0.306763,-0.010354,0.393297,0.240003,-0.025582,0.352552,0.501509,-0.003856,0.354433,0.362852,-0.008602,0.358668,0.269513,-0.025199,0.356478,0.197709,-0.040496,0.315425,0.527517,-0.01983,0.314222,0.385496,-0.030751,0.317481,0.294995,-0.050721,0.315317,0.223286,-0.066285,0.280695,0.578679,-0.038496,0.280054,0.462592,-0.052156,0.27982,0.388846,-0.063128,0.277233,0.324828,-0.072976
B,0.334408,0.863781,0.0,0.408336,0.804634,-0.014946,0.455862,0.669177,-0.012546,0.42928,0.572382,-0.011304,0.357438,0.587351,-0.01167,0.39459,0.507018,0.007186,0.395525,0.385201,0.001782,0.394114,0.306641,-0.01168,0.391202,0.239144,-0.027161,0.351857,0.501958,-0.005148,0.352572,0.362559,-0.010115,0.355585,0.269457,-0.026957,0.352324,0.197296,-0.042684,0.314949,0.528278,-0.021304,0.313253,0.386479,-0.032407,0.315239,0.295868,-0.052605,0.311364,0.22385,-0.06851,0.280306,0.579568,-0.040094,0.278135,0.46224,-0.054216,0.276577,0.387546,-0.065785,0.272498,0.322756,-0.076123
B,0.334398,0.863277,0.0,0.408856,0.805349,-0.013791,0.456131,0.66996,-0.010687,0.430867,0.572163,-0.009043,0.358467,0.586887,-0.009075,0.395137,0.508289,0.009091,0.396168,0.386325,0.004368,0.394696,0.307595,-0.008827,0.391672,0.23981,-0.024222,0.352756,0.502871,-0.003852,0.353471,0.363629,-0.008657,0.35669,0.269827,-0.025569,0.353499,0.197556,-0.041243,0.315643,0.52864,-0.020545,0.314063,0.386205,-0.032029,0.315779,0.295188,-0.052167,0.311907,0.223025,-0.067782,0.28091,0.579402,-0.039731,0.278692,0.459649,-0.054307,0.276596,0.385663,-0.065574,0.27224,0.322335,-0.075462
B,0.33452,0.862467,0.0,0.409595,0.803633,-0.014094,0.455806,0.670333,-0.011348,0.432351,0.572696,-0.009821,0.361166,0.586738,-0.010082,0.394646,0.507909,0.006563,0.396614,0.384312,0.001414,0.395337,0.305444,-0.011804,0.392526,0.238097,-0.026939,0.352795,0.502751,-0.005734,0.354089,0.362873,-0.010563,0.357633,0.26883,-0.027241,0.355449,0.196599,-0.042612,0.31577,0.529096,-0.021515,0.314008,0.386365,-0.032396,0.316501,0.294821,-0.052083,0.314049,0.222416,-0.067418,0.280845,0.581445,-0.039726,0.278947,0.460996,-0.053517,0.277554,0.387546,-0.063881,0.273968,0.326086,-0.073044
B,0.335469,0.864239,0.0,0.409114,0.808703,-0.016437,0.456806,0.670874,-0.014154,0.433514,0.57424,-0.012805,0.36311,0.586179,-0.012792,0.3953,0.507595,0.006671,0.397136,0.385888,0.000476,0.396148,0.306566,-0.013483,0.393075,0.239106,-0.02909,0.35241,0.502399,-0.004819,0.353787,0.362978,-0.0106,0.358066,0.270321,-0.027727,0.355873,0.198773,-0.043425,0.315069,0.528077,-0.020359,0.313548,0.385707,-0.032273,0.316932,0.294906,-0.052766,0.314624,0.222615,-0.068725,0.280285,0.57854,-0.038635,0.279162,0.463957,-0.053004,0.278796,0.390724,-0.064498,0.275876,0.326285,-0.07481
B,0.334476,0.863812,0.0,0.40886,0.807058,-0.015866,0.456096,0.670387,-0.013722,0.43037,0.573824,-0.012534,0.358117,0.587257,-0.012824,0.39501,0.508404,0.006404,0.396248,0.385839,0.000241,0.394781,0.306105,-0.013693,0.391249,0.238007,-0.029195,0.351902,0.502955,-0.005244,0.353853,0.362761,-0.010625,0.357777,0.269323,-0.027439,0.354783,0.197291,-0.042942,0.314362,0.527833,-0.020803,0.313181,0.385082,-0.032176,0.31627,0.293953,-0.052336,0.313438,0.221592,-0.068031,0.279255,0.577328,-0.03903,0.27843,0.460381,-0.052512,0.27808,0.387555,-0.063181,0.275007,0.324643,-0.072916
B,0.333683,0.864887,0.0,0.407932,0.806466,-0.014173,0.455358,0.669043,-0.011116,0.429293,0.571276,-0.009436,0.357368,0.586614,-0.009477,0.39437,0.507881,0.008383,0.395327,0.385786,0.003215,0.393894,0.306918,-0.010248,0.390778,0.239176,-0.025757,0.351533,0.502854,-0.004383,0.352552,0.363186,-0.009285,0.355852,0.269362,-0.025953,0.352588,0.196946,-0.041394,0.314183,0.529116,-0.020978,0.313096,0.385702,-0.032663,0.314893,0.294371,-0.052819,0.310901,0.22161,-0.068379,0.279181,0.580184,-0.040091,0.277432,0.460255,-0.054845,0.27554,0.385934,-0.066232,0.271116,0.321954,-0.076192
B,0.333572,0.864626,0.0,0.408268,0.806208,-0.013941,0.454348,0.670755,-0.011196,0.429197,0.572407,-0.009784,0.35765,0.587391,-0.010133,0.393775,0.507643,0.007246,0.395713,0.38406,0.002241,0.394373,0.305142,-0.010823,0.391262,0.237854,-0.025894,0.351564,0.503057,-0.005496,0.353071,0.362194,-0.010034,0.356639,0.267761,-0.026428,0.354137,0.195198,-0.041641,0.31423,0.529942,-0.021826,0.312914,0.385352,-0.032779,0.315335,0.29348,-0.052367,0.312679,0.220816,-0.067619,0.27891,0.582453,-0.040602,0.277737,0.461531,-0.054489,0.277023,0.387616,-0.064915,0.2741,0.325233,-0.074179
B,0.332865,0.864931,0.0,0.408536,0.803664,-0.012152,0.454697,0.671021,-0.008517,0.430316,0.572597,-0.006499,0.357642,0.587599,-0.00645,0.393389,0.508709,0.009098,0.39474,0.384957,0.005289,0.393257,0.306652,-0.007172,0.390868,0.239062,-0.022124,0.351346,0.503105,-0.004411,0.351642,0.362561,-0.008105,0.354375,0.268776,-0.024443,0.351915,0.196349,-0.039834,0.314174,0.529676,-0.021284,0.311731,0.386208,-0.031738,0.313367,0.294777,-0.051175,0.310485,0.22242,-0.066413,0.279057,0.582372,-0.040443,0.276937,0.458355,-0.054324,0.275263,0.384139,-0.064596,0.271745,0.32277,-0.073681
B,0.334083,0.865549,0.0,0.407181,0.808066,-0.013038,0.455056,0.672013,-0.009407,0.431738,0.573387,-0.007311,0.360671,0.584338,-0.006913,0.394628,0.507043,0.009407,0.395255,0.385493,0.004745,0.393925,0.307302,-0.008399,0.39118,0.240083,-0.023696,0.352431,0.502211,-0.003884,0.352379,0.362608,-0.008725,0.35546,0.268492,-0.025397,0.351905,0.195573,-0.04087,0.315439,0.528815,-0.020874,0.313182,0.385846,-0.032357,0.315096,0.294854,-0.052268,0.311121,0.222302,-0.067792,0.280311,0.579988,-0.040281,0.278234,0.4605,-0.055301,0.276311,0.386238,-0.066752,0.271698,0.32182,-0.07668
B,0.333955,0.862672,0.0,0.407709,0.808146,-0.014887,0.455299,0.670725,-0.012106,0.430369,0.572465,-0.010582,0.358607,0.586162,-0.010655,0.395113,0.506014,0.008347,0.395843,0.384164,0.003306,0.394634,0.30559,-0.010048,0.391595,0.238735,-0.025371,0.352322,0.501727,-0.003939,0.353098,0.362114,-0.008815,0.35692,0.268342,-0.02541,0.35388,0.196436,-0.040809,0.31481,0.528035,-0.020173,0.313681,0.385024,-0.031861,0.316137,0.293808,-0.052189,0.312503,0.221745,-0.067922,0.279417,0.578416,-0.038977,0.278085,0.460431,-0.053717,0.276308,0.386883,-0.065235,0.271595,0.323159,-0.075362
B,0.333036,0.863812,0.0,0.407431,0.807827,-0.014473,0.455035,0.669423,-0.011511,0.429643,0.570976,-0.01,0.356592,0.58607,-0.0101,0.394672,0.50661,0.009496,0.395798,0.384352,0.004362,0.394514,0.305537,-0.009255,0.391295,0.238003,-0.024882,0.352029,0.502088,-0.003331,0.353016,0.362108,-0.008315,0.356802,0.267911,-0.025196,0.353505,0.19557,-0.040774,0.31453,0.528431,-0.020188,0.313413,0.384592,-0.032019,0.315604,0.293032,-0.052619,0.311742,0.220292,-0.068533,0.279205,0.579099,-0.039624,0.277419,0.460992,-0.054476,0.275731,0.387193,-0.066267,0.271518,0.322644,-0.076649
B,0.333427,0.864297,0.0,0.408102,0.80757,-0.014528,0.455299,0.670441,-0.011699,0.429143,0.572594,-0.010231,0.357701,0.587287,-0.010401,0.395179,0.506819,0.009256,0.397262,0.385186,0.004082,0.396245,0.306492,-0.009637,0.393,0.238825,-0.025254,0.352456,0.502181,-0.003307,0.354614,0.362632,-0.007964,0.358636,0.268558,-0.024769,0.355338,0.195873,-0.040423,0.314851,0.528105,-0.019847,0.314225,0.385061,-0.031134,0.316839,0.293694,-0.051718,0.313036,0.220742,-0.067799,0.279325,0.578538,-0.038945,0.277535,0.460716,-0.053078,0.276029,0.387451,-0.064475,0.271776,0.323402,-0.074717
B,0.333632,0.865087,0.0,0.408871,0.810089,-0.015445,0.456954,0.672257,-0.012089,0.429264,0.575077,-0.00995,0.358699,0.587455,-0.00905,0.397418,0.50569,0.011827,0.398885,0.385417,0.007005,0.398109,0.307052,-0.00672,0.395044,0.239623,-0.02215,0.353319,0.498935,0.000209,0.355154,0.361034,-0.00395,0.35931,0.267668,-0.020581,0.356142,0.195153,-0.03612,0.315395,0.522188,-0.01574,0.314336,0.381918,-0.025981,0.318059,0.292912,-0.046214,0.31521,0.222049,-0.062155,0.279702,0.569576,-0.034542,0.278481,0.456655,-0.047344,0.278037,0.384006,-0.058578,0.275228,0.318411,-0.068869
C,0.255936,0.718328,0.0,0.351182,0.66385,0.003792,0.417485,0.563758,0.007857,0.472312,0.510261,0.002303,0.517395,0.449922,-0.00426,0.358993,0.404234,0.041657,0.39246,0.305973,0.024682,0.429734,0.264676,0.003093,0.471394,0.23515,-0.014505,0.331419,0.393602,0.015765,0.367607,0.275351,-0.002768,0.417428,0.235278,-0.026383,0.471958,0.22025,-0.044552,0.299799,0.403557,-0.016815,0.33779,0.286338,-0.04254,0.389831,0.24598,-0.062173,0.442969,0.23072,-0.074324,0.269209,0.433471,-0.051168,0.311738,0.331352,-0.075033,0.358187,0.281228,-0.088535,0.406628,0.254879,-0.098169
C,0.25639,0.717469,0.0,0.352016,0.662121,0.004358,0.417544,0.562858,0.008423,0.472066,0.509348,0.002689,0.516855,0.448689,-0.004123,0.359515,0.404236,0.041586,0.392949,0.305993,0.024288,0.430065,0.264905,0.002425,0.471871,0.235229,-0.015293,0.331553,0.393908,0.015439,0.367119,0.275378,-0.0033,0.416676,0.234593,-0.027004,0.471265,0.218976,-0.045255,0.299428,0.404181,-0.017332,0.336129,0.287067,-0.043133,0.387054,0.246289,-0.062856,0.439499,0.231246,-0.075057,0.268806,0.434364,-0.051839,0.310761,0.333044,-0.075796,0.356613,0.283452,-0.089415,0.404553,0.258261,-0.099082
C,0.255967,0.716549,0.0,0.350611,0.661181,0.001516,0.417308,0.563523,0.004408,0.472249,0.510033,-0.00168,0.516292,0.448766,-0.008562,0.357844,0.403086,0.038878,0.392358,0.305041,0.021017,0.430252,0.264536,-0.001046,0.471816,0.235465,-0.018617,0.330217,0.393524,0.014781,0.365553,0.275299,-0.004068,0.414799,0.234981,-0.027444,0.468624,0.219249,-0.045458,0.298456,0.404234,-0.016073,0.336225,0.28665,-0.041373,0.38776,0.244817,-0.060479,0.440433,0.2288,-0.072425,0.267756,0.433947,-0.048894,0.31017,0.334144,-0.072154,0.356621,0.28532,-0.085174,0.404905,0.260332,-0.094454
C,0.257682,0.716654,0.0,0.351044,0.661679,-0.00022,0.417724,0.563111,0.002369,0.472845,0.509387,-0.00354,0.516802,0.448461,-0.010133,0.358819,0.403024,0.036385,0.393397,0.305422,0.018229,0.430486,0.264502,-0.003705,0.471728,0.234257,-0.021245,0.330964,0.393519,0.013299,0.366143,0.276212,-0.005989,0.41437,0.236229,-0.028981,0.468013,0.219273,-0.046679,0.298976,0.404426,-0.016634,0.33624,0.288017,-0.042479,0.386867,0.246283,-0.061486,0.439315,0.229234,-0.073265,0.268029,0.433954,-0.048652,0.309374,0.334746,-0.07242,0.354857,0.286053,-0.085706,0.402735,0.260728,-0.095143
C,0.256585,0.718072,0.0,0.350808,0.662239,0.000448,0.41717,0.564431,0.003058,0.472147,0.510203,-0.002957,0.517189,0.449376,-0.009514,0.360213,0.406299,0.036632,0.395186,0.307946,0.018251,0.431717,0.266077,-0.00367,0.472929,0.234966,-0.021088,0.332391,0.396497,0.013185,0.368459,0.278588,-0.006272,0.417021,0.237412,-0.029095,0.47066,0.21978,-0.04644,0.299998,0.407303,-0.017113,0.336155,0.291715,-0.043164,0.385517,0.249946,-0.062174,0.43658,0.232662,-0.073756,0.268589,0.436982,-0.049428,0.309065,0.339445,-0.073238,0.353115,0.290696,-0.08654,0.399367,0.264476,-0.095867
C,0.255483,0.71894,0.0,0.350875,0.663562,0.002286,0.417968,0.565893,0.006123,0.472849,0.511766,0.000986,0.518104,0.451269,-0.004852,0.3611,0.407989,0.039136,0.396691,0.309036,0.02308,0.432711,0.266169,0.002701,0.473324,0.234051,-0.013898,0.332913,0.396975,0.015022,0.369229,0.278708,-0.002426,0.417815,0.237546,-0.024642,0.471476,0.22071,-0.041736,0.300407,0.407724,-0.015647,0.336466,0.290985,-0.040516,0.385362,0.24983,-0.059248,0.436297,0.233614,-0.070671,0.270046,0.438157,-0.048142,0.31189,0.337521,-0.071525,0.356207,0.288928,-0.084404,0.402519,0.264918,-0.093282
C,0.257146,0.717399,0.0,0.352566,0.660464,0.001701,0.419768,0.563513,0.004559,0.47489,0.510023,-0.001463,0.519458,0.450826,-0.008136,0.363341,0.405316,0.036576,0.398186,0.304307,0.019158,0.43458,0.263073,-0.002123,0.47566,0.233514,-0.019202,0.333688,0.396153,0.012776,0.368332,0.276086,-0.006213,0.417089,0.234747,-0.029453,0.470804,0.217892,-0.047285,0.300257,0.408102,-0.017454,0.334397,0.291476,-0.043244,0.382772,0.250872,-0.062967,0.43306,0.2356,-0.075131,0.26948,0.439555,-0.049505,0.311565,0.343551,-0.07333,0.355896,0.298734,-0.086928,0.401781,0.277713,-0.096456
C,0.258951,0.71724,0.0,0.353722,0.660581,0.000189,0.420403,0.563654,0.002041,0.475663,0.510165,-0.004688,0.520725,0.450852,-0.011931,0.364792,0.405375,0.033908,0.399163,0.304,0.015327,0.436653,0.261862,-0.006514,0.47881,0.231534,-0.024023,0.335451,0.396158,0.010619,0.370016,0.275602,-0.009637,0.420111,0.234402,-0.033308,0.474943,0.217376,-0.05141,0.302112,0.408287,-0.019183,0.335217,0.29095,-0.046088,0.38404,0.250738,-0.066337,0.434575,0.23546,-0.078787,0.271142,0.440417,-0.050893,0.31237,0.345513,-0.075349,0.356709,0.300918,-0.089546,0.402383,0.279402,-0.099619
C,0.256508,0.717727,0.0,0.353906,0.662836,0.004011,0.420461,0.564159,0.007973,0.475615,0.510125,0.002127,0.520651,0.448705,-0.004607,0.363831,0.404049,0.042591,0.398398,0.302517,0.026132,0.436597,0.260281,0.004808,0.479038,0.230532,-0.0127,0.335487,0.393894,0.016681,0.371616,0.273363,-0.001818,0.422541,0.233031,-0.025929,0.477678,0.217558,-0.044522,0.303347,0.404189,-0.015921,0.340336,0.286271,-0.041851,0.391542,0.24755,-0.062041,0.443343,0.233869,-0.07457,0.272987,0.434539,-0.050308,0.316493,0.33604,-0.074357,0.362827,0.287902,-0.08853,0.410872,0.262365,-0.098781
C,0.25792,0.715329,0.0,0.353796,0.661074,0.003127,0.419902,0.563346,0.006724,0.47474,0.509089,0.000841,0.51961,0.447394,-0.005932,0.36433,0.404833,0.039782,0.397899,0.302847,0.02307,0.435085,0.259793,0.002031,0.476683,0.229128,-0.015168,0.335928,0.394486,0.01457,0.371337,0.272916,-0.004233,0.42219,0.231422,-0.028116,0.477255,0.215593,-0.046458,0.303437,0.40506,-0.017186,0.338733,0.286275,-0.043379,0.38937,0.246977,-0.063985,0.440956,0.233538,-0.076712,0.273147,0.435661,-0.05067,0.315046,0.336624,-0.075164,0.360481,0.289844,-0.089678,0.407687,0.267096,-0.099995
C,0.259368,0.716169,0.0,0.353805,0.659787,0.001499,0.420014,0.562882,0.004963,0.474655,0.509053,-0.000408,0.519245,0.448369,-0.006448,0.364048,0.406345,0.038087,0.400254,0.30759,0.021346,0.436437,0.265004,0.000431,0.477166,0.232546,-0.016536,0.335696,0.396158,0.014444,0.372357,0.278354,-0.003826,0.420659,0.236725,-0.026514,0.474056,0.218928,-0.043907,0.302791,0.406818,-0.015807,0.338595,0.291136,-0.04104,0.387026,0.249215,-0.060359,0.437651,0.232215,-0.07222,0.271563,0.436447,-0.047958,0.312277,0.337688,-0.071749,0.355702,0.290099,-0.085268,0.401433,0.26706,-0.094621
C,0.258616,0.716442,0.0,0.354441,0.661108,0.001595,0.420377,0.563049,0.005196,0.474916,0.508321,-0.00015,0.519527,0.447138,-0.006135,0.364255,0.404608,0.039303,0.398963,0.303645,0.022893,0.435539,0.260482,0.002114,0.476357,0.228762,-0.014743,0.335679,0.394139,0.015692,0.371195,0.274802,-0.002459,0.420408,0.234054,-0.025513,0.474086,0.217742,-0.043081,0.303196,0.404862,-0.014541,0.338569,0.287725,-0.039841,0.387753,0.247565,-0.059279,0.438311,0.232515,-0.071081,0.272922,0.435212,-0.04667,0.314526,0.336465,-0.070237,0.359049,0.288462,-0.083739,0.405669,0.264246,-0.093099
C,0.260541,0.71824,0.0,0.356323,0.658492,0.002447,0.421072,0.561969,0.004522,0.475239,0.50873,-0.002694,0.520731,0.449175,-0.010582,0.365173,0.404758,0.037016,0.399315,0.304946,0.017069,0.437071,0.264064,-0.006128,0.479249,0.234598,-0.024237,0.336932,0.396247,0.012252,0.371762,0.276962,-0.008732,0.4211,0.236416,-0.032501,0.474976,0.219914,-0.050321,0.304226,0.407986,-0.01918,0.339735,0.291522,-0.046219,0.389301,0.249736,-0.065757,0.439912,0.233533,-0.077488,0.273216,0.439197,-0.052433,0.314596,0.344014,-0.076733,0.359499,0.297985,-0.090179,0.405616,0.274714,-0.099386
C,0.2605,0.717529,0.0,0.356455,0.656224,0.002272,0.42142,0.560253,0.003957,0.475774,0.507435,-0.003542,0.52113,0.448584,-0.011677,0.364805,0.403595,0.036247,0.399379,0.301908,0.017,0.437541,0.260332,-0.005776,0.479625,0.230968,-0.023636,0.335398,0.395957,0.011953,0.369124,0.275227,-0.008588,0.419128,0.234861,-0.032664,0.473029,0.219903,-0.050715,0.302182,0.408963,-0.018729,0.335529,0.291665,-0.045169,0.385803,0.25072,-0.065376,0.436504,0.236626,-0.077669,0.271965,0.44191,-0.051141,0.313857,0.348597,-0.074704,0.358932,0.307631,-0.087859,0.404363,0.290276,-0.096883
C,0.264817,0.714533,0.0,0.357237,0.654275,-0.000628,0.421914,0.557896,-0.001272,0.476677,0.504543,-0.010542,0.521287,0.444289,-0.020009,0.363698,0.397806,0.032021,0.396334,0.294868,0.010729,0.43676,0.256532,-0.013313,0.480253,0.23115,-0.031817,0.336148,0.391884,0.008992,0.367681,0.271228,-0.012703,0.419057,0.234343,-0.036619,0.473044,0.222624,-0.054785,0.305024,0.405018,-0.020712,0.338247,0.287573,-0.046824,0.389563,0.248032,-0.065449,0.440095,0.235721,-0.077119,0.275835,0.43722,-0.052595,0.315076,0.345811,-0.075453,0.360661,0.301699,-0.088253,0.406528,0.279948,-0.097449
C,0.268631,0.707523,0.0,0.357688,0.646861,0.003582,0.421182,0.548552,0.001639,0.474245,0.495576,-0.009347,0.520351,0.437464,-0.020651,0.356288,0.391139,0.026508,0.391399,0.286117,0.007458,0.433083,0.247099,-0.014049,0.476332,0.221993,-0.031198,0.325769,0.386304,0.000381,0.356329,0.258984,-0.020154,0.412392,0.222776,-0.043008,0.468879,0.216615,-0.060611,0.295549,0.404232,-0.030932,0.329036,0.28486,-0.05533,0.386559,0.246014,-0.074579,0.441513,0.235915,-0.087593,0.274274,0.444375,-0.063717,0.318949,0.351202,-0.085129,0.366504,0.307075,-0.097421,0.411426,0.287695,-0.106838
C,0.269492,0.707364,0.0,0.361635,0.637402,0.014155,0.42018,0.535324,0.015507,0.471719,0.483261,0.005313,0.517475,0.428986,-0.005317,0.336799,0.383066,0.039004,0.37218,0.282027,0.020342,0.417841,0.241755,-0.001735,0.46399,0.2173,-0.019195,0.309974,0.38086,0.00675,0.350782,0.256074,-0.013728,0.412415,0.218338,-0.037179,0.471298,0.211749,-0.054765,0.286616,0.401119,-0.030518,0.330405,0.28337,-0.054854,0.394021,0.245134,-0.073307,0.451484,0.233971,-0.085399,0.275119,0.44437,-0.068524,0.327663,0.350413,-0.08865,0.378653,0.300119,-0.099925,0.424918,0.272128,-0.108777
C,0.26823,0.711109,1e-06,0.359648,0.640166,0.019778,0.416336,0.531082,0.021164,0.465736,0.473299,0.009447,0.513383,0.419351,-0.003419,0.311572,0.379478,0.046264,0.353877,0.279971,0.031057,0.409418,0.23902,0.010271,0.461576,0.21876,-0.007036,0.285789,0.377216,0.01134,0.337782,0.249164,-0.007147,0.407712,0.213771,-0.031159,0.472439,0.212718,-0.048946,0.271593,0.399633,-0.027195,0.325158,0.269391,-0.047544,0.396256,0.23241,-0.061931,0.458069,0.222276,-0.071506,0.274244,0.447014,-0.066159,0.335252,0.339826,-0.082686,0.390454,0.289182,-0.089327,0.437916,0.261503,-0.094675
C,0.269841,0.708371,1e-06,0.356636,0.63746,0.017909,0.411243,0.521711,0.016407,0.46145,0.460029,0.002847,0.511138,0.410256,-0.010199,0.285952,0.371437,0.037726,0.341494,0.275435,0.017769,0.406185,0.233901,-0.004914,0.465554,0.217411,-0.02385,0.266135,0.376774,0.003163,0.331292,0.241824,-0.025115,0.407108,0.211986,-0.050213,0.473728,0.211817,-0.065957,0.26306,0.403764,-0.034048,0.323016,0.269876,-0.059379,0.397979,0.232015,-0.066017,0.460711,0.217292,-0.067912,0.281565,0.456851,-0.072097,0.338361,0.345839,-0.088588,0.390852,0.289152,-0.089781,0.435531,0.251813,-0.089946
C,0.262955,0.714554,1e-06,0.358579,0.623641,0.035154,0.408399,0.516268,0.03746,0.45904,0.455418,0.023951,0.50214,0.404678,0.010124,0.268741,0.371683,0.047704,0.335071,0.270238,0.026264,0.399732,0.22848,0.002791,0.460237,0.210292,-0.016517,0.255105,0.380238,0.003096,0.339776,0.234524,-0.027815,0.413331,0.204729,-0.054993,0.474884,0.207494,-0.071561,0.258694,0.406592,-0.0427,0.329102,0.269349,-0.066096,0.404349,0.229479,-0.074347,0.465946,0.215483,-0.078887,0.285519,0.456025,-0.088005,0.342342,0.342679,-0.101591,0.394948,0.288962,-0.102916,0.441217,0.253903,-0.104673
C,0.266683,0.721658,1e-06,0.369181,0.610062,0.055539,0.409079,0.51002,0.067287,0.45522,0.451062,0.058379,0.494439,0.401226,0.047846,0.267362,0.372737,0.072452,0.330379,0.274397,0.054635,0.395731,0.232599,0.031814,0.456704,0.213986,0.012342,0.257677,0.379703,0.0182,0.341829,0.232996,-0.010316,0.415964,0.20938,-0.037618,0.4774,0.21479,-0.054743,0.26619,0.406577,-0.036563,0.339579,0.265903,-0.057708,0.413768,0.231218,-0.066833,0.473086,0.218967,-0.072708,0.296577,0.45596,-0.089261,0.354344,0.342576,-0.100472,0.404525,0.289049,-0.101535,0.448367,0.25088,-0.104115
C,0.264324,0.720599,1e-06,0.364332,0.612124,0.041851,0.412754,0.50735,0.050624,0.463459,0.447925,0.043068,0.491721,0.395785,0.035502,0.25542,0.374406,0.061863,0.324956,0.266695,0.035311,0.395447,0.225173,0.002035,0.464582,0.212763,-0.023269,0.253925,0.389118,0.016601,0.353679,0.224575,-0.026314,0.426039,0.208179,-0.07174,0.483447,0.225835,-0.097118,0.268554,0.411557,-0.028567,0.343421,0.261216,-0.053369,0.417394,0.22494,-0.074643,0.47681,0.218773,-0.086867,0.304407,0.457758,-0.072578,0.359577,0.340818,-0.078883,0.408512,0.288866,-0.082725,0.452286,0.253819,-0.087758
C,0.2686,0.720753,1e-06,0.368942,0.613757,0.042371,0.413996,0.506805,0.051902,0.461115,0.445758,0.045003,0.490986,0.394011,0.038167,0.260245,0.376843,0.057906,0.325461,0.264973,0.031295,0.395806,0.222252,0.000834,0.463607,0.210876,-0.021546,0.257604,0.388794,0.013046,0.353431,0.224909,-0.027189,0.427548,0.206853,-0.06696,0.485033,0.223385,-0.088409,0.271525,0.411171,-0.031853,0.346301,0.261061,-0.056241,0.421091,0.224533,-0.074146,0.479562,0.219618,-0.083409,0.306774,0.456964,-0.075479,0.361893,0.338055,-0.083122,0.411405,0.285347,-0.086358,0.454578,0.25273,-0.089889
C,0.270646,0.722673,1e-06,0.372158,0.60916,0.052979,0.41158,0.505483,0.065914,0.456341,0.443735,0.0602,0.490202,0.393446,0.053881,0.261044,0.376473,0.063952,0.326969,0.263124,0.041767,0.397353,0.224386,0.017418,0.461379,0.213499,-0.000575,0.256269,0.385975,0.014283,0.34777,0.230635,-0.016302,0.424168,0.209089,-0.043858,0.482832,0.218017,-0.059187,0.270836,0.410954,-0.03555,0.347104,0.26371,-0.055697,0.421485,0.227235,-0.065354,0.479134,0.218637,-0.070313,0.308525,0.456746,-0.083423,0.364629,0.336939,-0.092293,0.413395,0.282946,-0.093042,0.455738,0.24857,-0.094448
C,0.272944,0.715034,1e-06,0.369445,0.604657,0.041878,0.412085,0.498162,0.052041,0.460212,0.435,0.046716,0.487979,0.392826,0.041847,0.258089,0.377827,0.057809,0.32153,0.262248,0.031963,0.392181,0.218203,0.00253,0.459185,0.204454,-0.018274,0.2569,0.39224,0.015392,0.352689,0.22482,-0.023825,0.422777,0.204815,-0.061186,0.477142,0.216859,-0.080256,0.272944,0.413994,-0.027015,0.345469,0.263171,-0.050227,0.417301,0.22594,-0.065794,0.47445,0.221226,-0.07278,0.311209,0.456938,-0.06823,0.364146,0.333695,-0.074341,0.413204,0.282661,-0.076017,0.457031,0.254085,-0.077903
C,0.273663,0.715085,1e-06,0.370803,0.605492,0.041104,0.411248,0.498365,0.051219,0.456111,0.434998,0.045842,0.485426,0.387887,0.040799,0.258943,0.379937,0.05369,0.32249,0.262585,0.027651,0.394586,0.219157,-8.9e-05,0.46216,0.207847,-0.019729,0.257715,0.39205,0.011534,0.349331,0.226867,-0.027505,0.424269,0.205649,-0.063097,0.482855,0.217118,-0.081496,0.273338,0.414869,-0.030581,0.344178,0.261781,-0.055355,0.419305,0.223709,-0.070221,0.478409,0.218424,-0.076482,0.310385,0.460526,-0.071294,0.361905,0.335124,-0.079067,0.411312,0.281427,-0.080584,0.454589,0.251727,-0.082012
C,0.270344,0.713655,1e-06,0.366416,0.605779,0.046104,0.407583,0.496592,0.058198,0.454314,0.432895,0.053565,0.481072,0.387028,0.048747,0.256311,0.380191,0.063515,0.317859,0.261212,0.040424,0.388077,0.216236,0.011659,0.453783,0.202746,-0.009102,0.256342,0.39525,0.018695,0.34937,0.225334,-0.017827,0.419918,0.20506,-0.056849,0.47414,0.218994,-0.077548,0.272626,0.416393,-0.025579,0.343562,0.262359,-0.044375,0.414969,0.223804,-0.059681,0.471327,0.219214,-0.067688,0.312051,0.458937,-0.068425,0.364492,0.332077,-0.070202,0.412655,0.276984,-0.070103,0.454894,0.244963,-0.0716
C,0.274616,0.720915,1e-06,0.368591,0.610576,0.044456,0.408081,0.499445,0.055763,0.454034,0.432628,0.050823,0.481787,0.38697,0.046448,0.253948,0.376601,0.059713,0.317436,0.257133,0.035846,0.388798,0.215239,0.008254,0.454789,0.205191,-0.011485,0.253297,0.39159,0.01604,0.346905,0.22497,-0.021891,0.419528,0.205979,-0.058147,0.475593,0.219662,-0.076398,0.271127,0.415223,-0.02716,0.343528,0.261584,-0.048262,0.416289,0.225589,-0.060463,0.473925,0.221148,-0.06503,0.311544,0.460993,-0.069052,0.363411,0.332965,-0.072622,0.41194,0.278734,-0.071049,0.4549,0.24859,-0.070239
C,0.274409,0.721328,1e-06,0.370095,0.611055,0.045196,0.409234,0.50052,0.056599,0.453734,0.433539,0.051703,0.484263,0.386933,0.047178,0.258716,0.378209,0.057755,0.32176,0.261285,0.03489,0.392991,0.219825,0.009596,0.457833,0.209547,-0.008523,0.256422,0.390961,0.013972,0.348779,0.227189,-0.022018,0.422619,0.207878,-0.054546,0.478762,0.21991,-0.070673,0.27209,0.415183,-0.029327,0.345441,0.262381,-0.050836,0.418971,0.22636,-0.061316,0.476238,0.22146,-0.064682,0.310301,0.462179,-0.07108,0.363786,0.334643,-0.076438,0.413265,0.279977,-0.074996,0.456494,0.249487,-0.074045
C,0.273275,0.717591,1e-06,0.372948,0.606185,0.0439,0.409735,0.497902,0.054419,0.452404,0.432716,0.04875,0.484385,0.385062,0.043439,0.258777,0.378007,0.052392,0.323578,0.260663,0.026807,0.395802,0.219348,0.001295,0.462184,0.209302,-0.016781,0.254992,0.388966,0.008514,0.346581,0.226147,-0.028489,0.423616,0.205232,-0.05927,0.483718,0.215364,-0.074973,0.270494,0.413473,-0.035351,0.344786,0.261733,-0.060389,0.420223,0.226491,-0.072121,0.478349,0.221313,-0.076388,0.308616,0.459557,-0.07759,0.362666,0.335199,-0.087343,0.412165,0.281475,-0.088499,0.455008,0.250347,-0.089386
C,0.270072,0.722804,1e-06,0.372141,0.611085,0.04598,0.409496,0.502023,0.057442,0.451918,0.435721,0.052315,0.484657,0.386685,0.047392,0.259506,0.378986,0.056002,0.323759,0.260505,0.032467,0.395022,0.219391,0.007988,0.460652,0.209042,-0.009667,0.256155,0.389122,0.01144,0.348186,0.228233,-0.022368,0.42427,0.206468,-0.051694,0.483442,0.215163,-0.067182,0.271367,0.413709,-0.033146,0.346395,0.26317,-0.05568,0.421162,0.227365,-0.067044,0.479,0.222237,-0.07197,0.309021,0.460064,-0.076005,0.363507,0.336402,-0.084682,0.41319,0.282711,-0.085845,0.456468,0.251839,-0.087177
C,0.268099,0.726087,1e-06,0.369485,0.615074,0.04492,0.408591,0.505674,0.056579,0.452166,0.438452,0.051943,0.485719,0.388461,0.047705,0.256595,0.38613,0.059453,0.319743,0.265608,0.037452,0.390315,0.222491,0.013509,0.45506,0.209645,-0.003493,0.254928,0.39554,0.016317,0.347919,0.231697,-0.015198,0.423039,0.210127,-0.044034,0.479643,0.217706,-0.058941,0.271975,0.417812,-0.027166,0.347032,0.265413,-0.047211,0.421596,0.228023,-0.058629,0.478201,0.220612,-0.063673,0.310626,0.462027,-0.069184,0.364818,0.339337,-0.074775,0.414213,0.28533,-0.074838,0.456035,0.252611,-0.075607
C,0.265361,0.718113,1e-06,0.37225,0.606069,0.053486,0.411838,0.506606,0.06622,0.455314,0.445068,0.059463,0.490188,0.391894,0.05195,0.262422,0.380425,0.072602,0.323354,0.269127,0.054227,0.392178,0.227561,0.030785,0.45494,0.213018,0.012634,0.258226,0.388308,0.022941,0.348406,0.232638,-0.004799,0.423022,0.211164,-0.033352,0.480275,0.219963,-0.05008,0.272032,0.410452,-0.027099,0.349186,0.267453,-0.044208,0.422892,0.230516,-0.054139,0.47893,0.222738,-0.060116,0.307653,0.455442,-0.075378,0.365374,0.339411,-0.079366,0.414497,0.28675,-0.078031,0.45554,0.253245,-0.079085
C,0.270625,0.7203,1e-06,0.371969,0.615872,0.046381,0.412746,0.51476,0.055725,0.459684,0.454337,0.047286,0.497741,0.4047,0.038838,0.272513,0.377135,0.063983,0.338872,0.279064,0.045784,0.405481,0.23924,0.02346,0.467652,0.22303,0.005201,0.261972,0.384008,0.016846,0.348451,0.240235,-0.010549,0.422552,0.219678,-0.035379,0.484255,0.225838,-0.050082,0.270083,0.409905,-0.031022,0.344715,0.272267,-0.050672,0.41821,0.239412,-0.056022,0.476875,0.228298,-0.058218,0.301455,0.459854,-0.077658,0.362078,0.348344,-0.08561,0.412985,0.296,-0.082963,0.456537,0.258872,-0.081973
C,0.270237,0.717481,1e-06,0.369146,0.624321,0.037066,0.41617,0.521327,0.04386,0.46607,0.461596,0.034929,0.502401,0.410359,0.026698,0.277055,0.378146,0.061051,0.341708,0.284056,0.04228,0.408219,0.244404,0.019159,0.471806,0.228739,0.000659,0.264969,0.384775,0.018849,0.350711,0.24669,-0.0098,0.423555,0.222345,-0.036026,0.48532,0.226273,-0.050945,0.269885,0.408469,-0.025052,0.343798,0.279022,-0.046261,0.417992,0.244014,-0.052742,0.478178,0.231609,-0.054709,0.297932,0.457635,-0.068579,0.360525,0.350383,-0.077405,0.41322,0.299473,-0.075712,0.458985,0.263268,-0.074851
C,0.272066,0.715115,1e-06,0.362389,0.636602,0.024167,0.41438,0.527499,0.024766,0.466326,0.466635,0.01197,0.512832,0.415642,-0.000572,0.28923,0.378549,0.046412,0.351932,0.289041,0.030202,0.4144,0.250036,0.010025,0.471748,0.231502,-0.007201,0.270861,0.382711,0.009498,0.347233,0.254018,-0.014082,0.418291,0.225603,-0.036215,0.482145,0.222284,-0.050352,0.269798,0.40841,-0.029908,0.339617,0.283649,-0.050221,0.413159,0.247077,-0.056245,0.475448,0.229697,-0.058853,0.29027,0.459772,-0.069806,0.356078,0.352201,-0.081064,0.409601,0.298365,-0.08052,0.455209,0.261578,-0.08057
C,0.273618,0.708246,1e-06,0.361427,0.636772,0.01413,0.417592,0.528701,0.012276,0.46943,0.469521,-0.000318,0.51333,0.414033,-0.012825,0.300794,0.378155,0.033944,0.357888,0.287533,0.014298,0.417826,0.249023,-0.008516,0.474043,0.229845,-0.026795,0.278541,0.379944,0.002551,0.345686,0.255072,-0.022012,0.415669,0.221994,-0.046829,0.480709,0.216947,-0.063814,0.27052,0.404952,-0.031931,0.332703,0.282444,-0.055698,0.405574,0.244089,-0.068164,0.469116,0.228377,-0.075296,0.282511,0.455268,-0.06717,0.347223,0.350384,-0.083158,0.401169,0.298954,-0.087559,0.447832,0.266761,-0.091019
C,0.267349,0.7093,1e-06,0.361457,0.634825,0.018283,0.418237,0.529686,0.018184,0.46935,0.473106,0.005625,0.512697,0.414835,-0.007577,0.312397,0.377247,0.040708,0.361753,0.28052,0.021587,0.417089,0.243552,-0.001168,0.468264,0.224468,-0.01912,0.286183,0.376692,0.006594,0.346402,0.251615,-0.014941,0.414869,0.219416,-0.039128,0.476754,0.218702,-0.056634,0.27156,0.400096,-0.031388,0.331899,0.277943,-0.053795,0.402555,0.240906,-0.069397,0.463509,0.230032,-0.079748,0.274028,0.447516,-0.069889,0.338151,0.349865,-0.087455,0.391979,0.300183,-0.095649,0.438456,0.270992,-0.102304
C,0.26462,0.70263,0.0,0.356358,0.633572,0.011297,0.415815,0.532907,0.009388,0.468136,0.478254,-0.003059,0.511469,0.421344,-0.015816,0.331694,0.37434,0.02841,0.376751,0.274268,0.006198,0.426748,0.238458,-0.017009,0.474394,0.219398,-0.034435,0.302672,0.374161,-0.001817,0.351189,0.250581,-0.025056,0.412657,0.219984,-0.047768,0.469519,0.217606,-0.064295,0.280717,0.397243,-0.03653,0.33248,0.282145,-0.061836,0.395883,0.246342,-0.078413,0.451559,0.236187,-0.089221,0.271565,0.442881,-0.07215,0.327158,0.353273,-0.092656,0.37883,0.304556,-0.103233,0.425718,0.276437,-0.111447
C,0.261982,0.697664,0.0,0.354396,0.632166,0.014285,0.413809,0.535667,0.016143,0.464958,0.481776,0.006068,0.509759,0.422853,-0.004845,0.34511,0.377786,0.043548,0.3853,0.276409,0.028573,0.428724,0.239356,0.008821,0.47165,0.21849,-0.006966,0.315814,0.373264,0.012252,0.351273,0.248157,-0.004049,0.407816,0.216785,-0.025,0.462965,0.216844,-0.041235,0.28837,0.390318,-0.024092,0.326879,0.273145,-0.044387,0.385132,0.237053,-0.060696,0.439479,0.230574,-0.072275,0.270958,0.428838,-0.061476,0.317377,0.334436,-0.079345,0.365062,0.288509,-0.088781,0.410377,0.267404,-0.096522
C,0.258862,0.696093,0.0,0.349817,0.632234,0.006175,0.409319,0.538041,0.00526,0.459954,0.482396,-0.005741,0.504448,0.422663,-0.017416,0.34922,0.379172,0.034783,0.386179,0.276262,0.015531,0.425782,0.239925,-0.006426,0.466904,0.218882,-0.023183,0.318513,0.374821,0.008455,0.350391,0.253651,-0.01069,0.401937,0.221703,-0.0317,0.455077,0.217955,-0.047899,0.287647,0.39084,-0.023626,0.320342,0.275699,-0.0462,0.371646,0.236899,-0.061807,0.42314,0.228529,-0.072483,0.262713,0.42618,-0.057379,0.298996,0.336175,-0.077215,0.341882,0.293491,-0.086811,0.385603,0.275512,-0.094051
C,0.248055,0.690023,0.0,0.333193,0.634475,-0.012283,0.398542,0.538863,-0.016023,0.450935,0.47677,-0.024565,0.492262,0.412978,-0.032945,0.344493,0.386959,0.013452,0.378695,0.290067,-0.010567,0.412745,0.248139,-0.033464,0.450242,0.217713,-0.050226,0.313256,0.377823,-0.001577,0.347799,0.263365,-0.025455,0.392324,0.225522,-0.046697,0.44269,0.209249,-0.062275,0.278281,0.389909,-0.02329,0.307416,0.276053,-0.052623,0.351436,0.236037,-0.071089,0.39941,0.224141,-0.081835,0.244897,0.417204,-0.047503,0.278052,0.329346,-0.073552,0.31762,0.291109,-0.087055,0.360316,0.277793,-0.095832
C,0.243436,0.691108,0.0,0.330197,0.635832,-0.011369,0.39549,0.542295,-0.012553,0.447135,0.482278,-0.018713,0.484925,0.415051,-0.024701,0.344002,0.390754,0.019205,0.380443,0.29583,-0.000761,0.412325,0.251103,-0.021967,0.448768,0.21692,-0.038656,0.311123,0.378682,0.003977,0.346064,0.264795,-0.016663,0.387621,0.222859,-0.03824,0.437204,0.202367,-0.054919,0.273818,0.389258,-0.017976,0.301916,0.275219,-0.045835,0.343556,0.23341,-0.06602,0.39117,0.218473,-0.078475,0.237394,0.41635,-0.042276,0.271519,0.327261,-0.068917,0.309344,0.290193,-0.083793,0.350252,0.279797,-0.09379
C,0.237296,0.686794,0.0,0.323033,0.638807,-0.013728,0.391307,0.547217,-0.014704,0.441452,0.487213,-0.019837,0.478187,0.41742,-0.024393,0.341408,0.390675,0.018053,0.376647,0.295532,0.000949,0.410231,0.249845,-0.018514,0.447156,0.215837,-0.034487,0.304895,0.375437,0.005096,0.336168,0.262072,-0.01296,0.378507,0.219793,-0.033922,0.428372,0.200718,-0.050429,0.266394,0.386034,-0.014272,0.293701,0.271947,-0.041315,0.335473,0.231612,-0.061478,0.382456,0.218251,-0.073835,0.231324,0.416566,-0.035995,0.271434,0.334296,-0.06354,0.308559,0.302208,-0.078529,0.345452,0.29572,-0.088069
C,0.231056,0.684057,0.0,0.316372,0.64346,-0.016617,0.388015,0.551192,-0.016502,0.441068,0.491025,-0.020359,0.476103,0.418769,-0.023773,0.339503,0.388013,0.022291,0.376108,0.297259,0.006566,0.410434,0.252104,-0.01279,0.447592,0.219307,-0.028853,0.304774,0.369723,0.010473,0.337934,0.261338,-0.005892,0.379463,0.219054,-0.026892,0.430831,0.198795,-0.043367,0.267707,0.376837,-0.008551,0.299001,0.267966,-0.033175,0.339112,0.225421,-0.051432,0.386436,0.207679,-0.062395,0.232018,0.404996,-0.030792,0.272958,0.312223,-0.056485,0.310489,0.26148,-0.070997,0.350812,0.236881,-0.080309
C,0.230749,0.686148,0.0,0.319564,0.640626,-0.016621,0.388844,0.552564,-0.018055,0.440319,0.491112,-0.023597,0.472881,0.417332,-0.028736,0.340574,0.392783,0.021304,0.37657,0.301453,0.00368,0.409404,0.255161,-0.017271,0.445869,0.219891,-0.034141,0.305396,0.374368,0.009538,0.339001,0.26673,-0.006512,0.375418,0.221463,-0.027225,0.422886,0.196036,-0.044046,0.266937,0.379428,-0.009586,0.298495,0.27182,-0.033005,0.334284,0.225436,-0.050639,0.377835,0.204777,-0.061914,0.228757,0.403413,-0.032068,0.267408,0.312051,-0.056708,0.302467,0.26056,-0.070842,0.340622,0.234959,-0.080242
C,0.2273,0.687622,0.0,0.313465,0.644805,-0.021613,0.386307,0.555625,-0.024194,0.440247,0.491594,-0.029534,0.470438,0.415811,-0.034151,0.340059,0.389669,0.017732,0.375236,0.300473,0.00106,0.406827,0.255261,-0.018963,0.441981,0.220724,-0.035133,0.304885,0.370564,0.009285,0.339916,0.266409,-0.005846,0.376039,0.223281,-0.024775,0.423724,0.198635,-0.039877,0.266329,0.375839,-0.006709,0.297551,0.271377,-0.029247,0.331998,0.227908,-0.044937,0.375046,0.207676,-0.054466,0.226443,0.400489,-0.026538,0.265283,0.311074,-0.049767,0.29898,0.26025,-0.062179,0.335245,0.235036,-0.070076
C,0.222217,0.687302,0.0,0.308225,0.648783,-0.021299,0.38477,0.55816,-0.021822,0.43866,0.496061,-0.024992,0.467316,0.421077,-0.027249,0.341932,0.38422,0.020921,0.376814,0.300119,0.005862,0.407499,0.25554,-0.01373,0.441651,0.221192,-0.030175,0.305608,0.363131,0.01266,0.341756,0.264275,-0.001762,0.375093,0.22228,-0.020289,0.422216,0.196876,-0.034902,0.265762,0.368093,-0.003265,0.299005,0.269714,-0.025242,0.332356,0.226593,-0.039378,0.376489,0.205089,-0.047518,0.223255,0.394519,-0.023159,0.266662,0.30768,-0.046592,0.301022,0.255816,-0.058234,0.33911,0.229721,-0.065106
C,0.221099,0.689342,0.0,0.306817,0.645803,-0.022132,0.381516,0.556854,-0.023885,0.436104,0.494572,-0.028284,0.462504,0.4198,-0.032166,0.339797,0.383237,0.018464,0.375434,0.298861,0.000446,0.406111,0.257821,-0.02162,0.4413,0.225375,-0.039442,0.303477,0.363019,0.010294,0.339252,0.264759,-0.0059,0.371218,0.222012,-0.026711,0.416448,0.194413,-0.043506,0.263387,0.368624,-0.005649,0.297018,0.270342,-0.028522,0.328351,0.225928,-0.045264,0.370137,0.20209,-0.055964,0.219441,0.394272,-0.02554,0.258391,0.307629,-0.049597,0.291704,0.258559,-0.062926,0.330546,0.232827,-0.07159
C,0.219583,0.685898,0.0,0.30598,0.644493,-0.022519,0.380161,0.555572,-0.024134,0.433463,0.493827,-0.028278,0.459672,0.418996,-0.031985,0.339874,0.381554,0.015638,0.375248,0.298741,-0.002786,0.404449,0.257856,-0.024958,0.438636,0.223309,-0.043343,0.302874,0.362377,0.007727,0.337423,0.265875,-0.009742,0.367449,0.22311,-0.030264,0.412841,0.191543,-0.046839,0.261686,0.36957,-0.007819,0.293239,0.273204,-0.031444,0.32255,0.228007,-0.047646,0.364446,0.199126,-0.057963,0.216154,0.39691,-0.027272,0.254334,0.312948,-0.051867,0.285191,0.261976,-0.065219,0.320972,0.233051,-0.073897
C,0.219161,0.687641,0.0,0.305444,0.645444,-0.02353,0.380002,0.556453,-0.025429,0.433714,0.492031,-0.029627,0.456707,0.414661,-0.033398,0.339124,0.381916,0.01723,0.374519,0.298669,0.000206,0.403788,0.257608,-0.021209,0.437821,0.223714,-0.039061,0.302519,0.362375,0.009828,0.338058,0.266043,-0.005756,0.368425,0.223903,-0.026245,0.413506,0.194062,-0.043091,0.261649,0.368309,-0.005304,0.294543,0.273246,-0.02777,0.324306,0.228629,-0.044315,0.365325,0.201318,-0.05511,0.216437,0.394167,-0.024472,0.255244,0.308319,-0.048255,0.287352,0.259357,-0.061312,0.324599,0.232821,-0.069939
C,0.217598,0.686695,0.0,0.30553,0.645346,-0.022979,0.379832,0.555825,-0.024407,0.432809,0.490237,-0.028246,0.454686,0.412803,-0.031822,0.338959,0.383087,0.017032,0.374344,0.299559,-0.000555,0.4034,0.258733,-0.022539,0.43746,0.22417,-0.041065,0.302699,0.363593,0.009239,0.338402,0.267409,-0.006531,0.368393,0.225167,-0.026938,0.413613,0.192892,-0.043928,0.262145,0.369425,-0.006334,0.295715,0.274134,-0.0291,0.325258,0.228656,-0.045646,0.36612,0.199078,-0.056565,0.216914,0.394661,-0.025888,0.255803,0.308929,-0.050602,0.288011,0.258529,-0.064452,0.325417,0.229021,-0.073714
C,0.217455,0.686526,0.0,0.306875,0.643524,-0.023068,0.37832,0.556509,-0.026212,0.431089,0.491753,-0.032052,0.452805,0.413107,-0.037808,0.33897,0.389266,0.015444,0.375576,0.300949,-0.003748,0.404834,0.260716,-0.026932,0.440052,0.226659,-0.046031,0.303487,0.369784,0.007572,0.339804,0.269347,-0.008677,0.369201,0.225875,-0.029487,0.415166,0.193297,-0.047105,0.261908,0.37426,-0.008126,0.295988,0.274651,-0.030235,0.325545,0.227752,-0.047063,0.366403,0.199256,-0.058833,0.214943,0.397415,-0.027843,0.252304,0.311649,-0.051699,0.284265,0.260363,-0.065927,0.321677,0.22933,-0.076102
C,0.214971,0.685499,0.0,0.305851,0.644753,-0.022251,0.378164,0.557688,-0.024147,0.431155,0.492312,-0.028929,0.45114,0.414462,-0.033566,0.338661,0.388457,0.019648,0.374813,0.301057,0.00187,0.404221,0.26125,-0.02079,0.439158,0.227818,-0.039689,0.302896,0.368413,0.011738,0.338799,0.268943,-0.003548,0.368923,0.226825,-0.024252,0.414807,0.195707,-0.041715,0.261946,0.372167,-0.004163,0.296264,0.272777,-0.02574,0.326755,0.226881,-0.04251,0.367912,0.199245,-0.054101,0.215596,0.394171,-0.0241,0.253105,0.309,-0.047631,0.285463,0.257904,-0.061792,0.323561,0.2267,-0.071863
C,0.212502,0.687092,0.0,0.29976,0.648396,-0.023246,0.375141,0.557248,-0.02454,0.42808,0.489155,-0.028126,0.446003,0.410536,-0.031352,0.336606,0.38601,0.018863,0.371038,0.299211,0.00134,0.401082,0.259682,-0.020709,0.436363,0.227858,-0.038831,0.30118,0.365745,0.011707,0.337081,0.268459,-0.003368,0.369354,0.226774,-0.023398,0.415664,0.197066,-0.039804,0.261316,0.370022,-0.003476,0.296708,0.271756,-0.025167,0.329729,0.225694,-0.041811,0.372216,0.197652,-0.052781,0.21551,0.392795,-0.02273,0.253095,0.305922,-0.046539,0.286437,0.254418,-0.060512,0.325804,0.222151,-0.069988
C,0.212713,0.686501,0.0,0.30012,0.646994,-0.023426,0.374796,0.555771,-0.025208,0.427268,0.488265,-0.029262,0.44455,0.409981,-0.032984,0.336733,0.386863,0.016652,0.372008,0.299057,-0.001469,0.40213,0.259155,-0.023519,0.437645,0.226696,-0.04159,0.300911,0.366957,0.009582,0.336815,0.268194,-0.006044,0.368377,0.226411,-0.025699,0.414655,0.196191,-0.041807,0.260257,0.371379,-0.005429,0.29513,0.272155,-0.027236,0.327113,0.225905,-0.043474,0.369112,0.1974,-0.054216,0.213778,0.394043,-0.02452,0.251731,0.307854,-0.04814,0.284598,0.255979,-0.061986,0.323441,0.223226,-0.071471
C,0.213203,0.685185,0.0,0.300049,0.64672,-0.023032,0.374847,0.554251,-0.023523,0.426626,0.485607,-0.026275,0.44465,0.407332,-0.02868,0.335837,0.382161,0.018332,0.370195,0.297418,0.001181,0.40018,0.257955,-0.0204,0.435288,0.225514,-0.038437,0.299966,0.362164,0.011081,0.335606,0.266234,-0.004346,0.367373,0.225392,-0.024186,0.413893,0.195139,-0.040422,0.259889,0.367597,-0.004082,0.294323,0.271038,-0.026509,0.325875,0.225879,-0.042954,0.367962,0.197005,-0.053619,0.214235,0.392013,-0.023267,0.252133,0.305932,-0.047909,0.284497,0.254454,-0.062019,0.323051,0.22229,-0.07141
C,0.214159,0.684938,0.0,0.302244,0.642568,-0.021083,0.375807,0.550455,-0.020861,0.424941,0.482603,-0.02313,0.444343,0.406403,-0.025126,0.333047,0.380334,0.018298,0.368064,0.294803,0.001206,0.398135,0.254827,-0.020171,0.433271,0.221625,-0.038091,0.297033,0.361934,0.009912,0.332854,0.265464,-0.005642,0.364503,0.224614,-0.025825,0.410749,0.194816,-0.042386,0.257054,0.368573,-0.006094,0.290533,0.271508,-0.028764,0.321682,0.226606,-0.045707,0.363779,0.198014,-0.056688,0.212795,0.394302,-0.025855,0.251137,0.306725,-0.050612,0.283456,0.255668,-0.064841,0.3215,0.225009,-0.074268
C,0.21378,0.682033,0.0,0.301794,0.63797,-0.020617,0.37443,0.543654,-0.019662,0.424077,0.474478,-0.021508,0.443986,0.396187,-0.023184,0.328207,0.377738,0.023469,0.36375,0.29321,0.00797,0.393768,0.251794,-0.013432,0.427976,0.216851,-0.031467,0.293588,0.3596,0.015022,0.329188,0.263794,0.001331,0.361373,0.221362,-0.019917,0.406545,0.190817,-0.037627,0.25474,0.365421,-0.00123,0.288069,0.268872,-0.022877,0.319266,0.224447,-0.041071,0.359972,0.196501,-0.053161,0.212019,0.390308,-0.021252,0.250965,0.301982,-0.044964,0.284085,0.252001,-0.059168,0.321871,0.223136,-0.068901
C,0.215941,0.680287,0.0,0.305322,0.63092,-0.020825,0.374879,0.539246,-0.022207,0.425107,0.469734,-0.026927,0.446485,0.387273,-0.03152,0.327477,0.375863,0.022845,0.362211,0.287811,0.004643,0.392848,0.246501,-0.018389,0.427664,0.21246,-0.037002,0.292111,0.359031,0.01373,0.326807,0.259836,-0.002464,0.358701,0.216932,-0.024906,0.404139,0.188018,-0.04327,0.252716,0.36552,-0.003428,0.284936,0.266736,-0.02645,0.315966,0.220372,-0.045214,0.356791,0.194431,-0.05762,0.209735,0.39073,-0.024426,0.247485,0.303382,-0.048506,0.280361,0.253599,-0.06313,0.31806,0.226978,-0.073181
C,0.216018,0.678166,0.0,0.303609,0.629006,-0.016257,0.37245,0.535014,-0.01537,0.422917,0.468472,-0.018812,0.445167,0.3886,-0.022093,0.323067,0.3728,0.029772,0.356477,0.284048,0.013852,0.387913,0.242199,-0.00833,0.422788,0.208423,-0.026534,0.288149,0.356091,0.018292,0.322036,0.256134,0.003832,0.356853,0.214238,-0.018584,0.40405,0.187336,-0.036821,0.250501,0.362168,-0.001017,0.282706,0.261756,-0.022566,0.317214,0.216726,-0.041094,0.360614,0.192865,-0.053275,0.210815,0.387278,-0.02392,0.249918,0.297386,-0.046781,0.284587,0.247419,-0.06058,0.324278,0.221527,-0.070046
C,0.215135,0.684927,0.0,0.303744,0.626241,-0.008255,0.36817,0.524536,-0.003945,0.417034,0.459274,-0.005649,0.444086,0.382802,-0.00728,0.312043,0.370516,0.035539,0.344647,0.279041,0.020499,0.378074,0.23684,-4.4e-05,0.415126,0.203174,-0.016957,0.278409,0.357689,0.019716,0.30875,0.252201,0.005079,0.347836,0.211101,-0.015935,0.397348,0.186591,-0.032619,0.242523,0.368378,-0.003481,0.270597,0.260336,-0.026312,0.307719,0.21595,-0.043974,0.352969,0.1941,-0.054619,0.207813,0.397899,-0.029562,0.243128,0.301549,-0.053405,0.277976,0.250423,-0.066844,0.317675,0.224132,-0.075473
C,0.213303,0.687797,0.0,0.305969,0.626531,-0.000444,0.365877,0.521521,0.006469,0.412749,0.457756,0.005094,0.443302,0.381943,0.00337,0.303397,0.366886,0.048005,0.335941,0.275043,0.036367,0.372617,0.231155,0.017429,0.412022,0.197592,0.000921,0.270681,0.35393,0.02677,0.300415,0.245587,0.013902,0.345001,0.205449,-0.007498,0.398329,0.183303,-0.024567,0.238155,0.365575,-0.001683,0.266578,0.252999,-0.024305,0.310113,0.210108,-0.042226,0.359242,0.190746,-0.052859,0.208363,0.397545,-0.032487,0.242533,0.293117,-0.056629,0.28184,0.240825,-0.069848,0.325915,0.215557,-0.078318
C,0.213671,0.692119,0.0,0.306595,0.628206,0.007996,0.364155,0.520371,0.017617,0.409838,0.455143,0.016838,0.443179,0.379369,0.015142,0.299106,0.370987,0.057402,0.330953,0.277691,0.048058,0.368409,0.232188,0.029981,0.40841,0.197837,0.013578,0.266646,0.357287,0.03081,0.296921,0.246568,0.02025,0.343586,0.205037,-0.001229,0.398461,0.183596,-0.019125,0.234705,0.367758,-0.002645,0.26305,0.253104,-0.023452,0.309699,0.210469,-0.041515,0.361314,0.19385,-0.053178,0.206864,0.398613,-0.037924,0.240582,0.291352,-0.061416,0.281619,0.23899,-0.074875,0.327658,0.214653,-0.084168
C,0.211765,0.696639,0.0,0.310529,0.623811,0.015561,0.363736,0.518794,0.025777,0.406568,0.455072,0.023022,0.443605,0.380678,0.018872,0.296845,0.372733,0.067386,0.328627,0.276741,0.058259,0.366125,0.232113,0.038845,0.407392,0.197397,0.021182,0.265314,0.361063,0.03529,0.293543,0.247505,0.024941,0.340245,0.205289,0.001569,0.39565,0.184996,-0.018271,0.233397,0.372132,-0.003592,0.258353,0.254927,-0.023021,0.304269,0.212927,-0.041618,0.355858,0.199389,-0.054447,0.206838,0.404444,-0.043991,0.238657,0.297593,-0.065537,0.279151,0.245489,-0.078539,0.324365,0.221931,-0.088287
C,0.216573,0.695735,0.0,0.307188,0.629165,0.00152,0.362424,0.519506,0.007073,0.406112,0.454094,0.003855,0.442688,0.379618,-6.7e-05,0.294195,0.3709,0.04131,0.324479,0.274085,0.025748,0.363012,0.227392,0.004729,0.404274,0.192651,-0.012734,0.262823,0.359494,0.017765,0.289406,0.244181,0.001218,0.338972,0.203384,-0.02251,0.396344,0.1841,-0.041106,0.23141,0.373904,-0.012313,0.254589,0.253621,-0.037999,0.302905,0.212913,-0.058562,0.356431,0.200124,-0.070816,0.205743,0.409744,-0.044227,0.236885,0.301962,-0.070417,0.27845,0.248864,-0.085642,0.32425,0.224774,-0.095639
C,0.215224,0.696503,1e-06,0.310355,0.62076,0.015968,0.36,0.518022,0.023701,0.4031,0.454836,0.018418,0.440116,0.383298,0.011612,0.284349,0.373905,0.060378,0.315107,0.274562,0.049214,0.354476,0.226311,0.029247,0.395767,0.190859,0.011956,0.253775,0.365173,0.027682,0.279969,0.243905,0.014388,0.332515,0.198126,-0.009997,0.390691,0.179452,-0.029756,0.222869,0.379038,-0.011071,0.243665,0.254784,-0.032409,0.29626,0.210526,-0.053436,0.352071,0.197276,-0.067595,0.200126,0.413892,-0.050803,0.232354,0.304599,-0.072233,0.275052,0.250537,-0.086061,0.321245,0.225722,-0.096541
C,0.213319,0.698761,0.0,0.310001,0.619452,0.019942,0.358824,0.51717,0.028937,0.401598,0.453912,0.023807,0.438367,0.382453,0.016725,0.281699,0.375005,0.065126,0.312811,0.275578,0.05497,0.351758,0.228247,0.03527,0.393323,0.192124,0.017774,0.251482,0.366948,0.029609,0.278831,0.246462,0.016913,0.331699,0.200255,-0.007713,0.389744,0.180157,-0.028016,0.220893,0.381096,-0.011926,0.243339,0.258581,-0.032629,0.295647,0.213284,-0.053785,0.350663,0.197339,-0.068515,0.198427,0.416073,-0.054273,0.230216,0.305956,-0.07545,0.272778,0.251269,-0.0895,0.318924,0.224522,-0.100539
C,0.209843,0.699324,1e-06,0.310395,0.618693,0.027713,0.358531,0.516636,0.03801,0.400105,0.454047,0.03198,0.436271,0.381386,0.023287,0.279074,0.373863,0.072508,0.309536,0.273665,0.064645,0.349156,0.225907,0.045724,0.39115,0.189744,0.027935,0.247994,0.36705,0.031301,0.274228,0.24521,0.020648,0.328126,0.199668,-0.003444,0.38722,0.180987,-0.024224,0.21743,0.381924,-0.015528,0.238989,0.257117,-0.034421,0.292393,0.212184,-0.054095,0.348063,0.196809,-0.068778,0.196627,0.418184,-0.062829,0.230499,0.304912,-0.083442,0.275375,0.250661,-0.096864,0.322776,0.225863,-0.108007
C,0.215344,0.700819,1e-06,0.309112,0.619789,0.016493,0.357301,0.518871,0.022057,0.399817,0.456167,0.014321,0.435657,0.384051,0.004876,0.279021,0.376201,0.056673,0.31012,0.274304,0.043099,0.35054,0.226946,0.022,0.393459,0.192593,0.00432,0.250406,0.369749,0.022819,0.276155,0.247764,0.007921,0.329966,0.202091,-0.016381,0.388447,0.18436,-0.035988,0.220526,0.384802,-0.017015,0.240115,0.261446,-0.037832,0.292311,0.215343,-0.057773,0.346876,0.199954,-0.07172,0.19821,0.420453,-0.057964,0.224075,0.308875,-0.078723,0.264553,0.252507,-0.09198,0.30884,0.225146,-0.102293
C,0.214281,0.704084,0.0,0.310812,0.621728,0.020773,0.359021,0.520554,0.028452,0.400238,0.457479,0.021723,0.436211,0.385551,0.013151,0.279594,0.378064,0.062628,0.310485,0.277362,0.0519,0.350275,0.229175,0.031848,0.39204,0.193643,0.014143,0.248341,0.3713,0.026704,0.27164,0.249044,0.01389,0.32483,0.203903,-0.009982,0.383628,0.18654,-0.02992,0.217203,0.387231,-0.014913,0.236115,0.26163,-0.034823,0.287796,0.215988,-0.054901,0.342677,0.201586,-0.069354,0.196458,0.424775,-0.057295,0.226995,0.31569,-0.078204,0.269094,0.262279,-0.091828,0.313553,0.23909,-0.102512
C,0.209484,0.709527,1e-06,0.313112,0.621518,0.041749,0.358568,0.518231,0.057378,0.398031,0.45699,0.052686,0.43421,0.384328,0.045316,0.270134,0.37777,0.09947,0.302927,0.278076,0.098542,0.346599,0.230453,0.082025,0.390707,0.19558,0.065333,0.242742,0.371725,0.051337,0.273961,0.252224,0.046952,0.332019,0.204858,0.024287,0.390419,0.189208,0.004095,0.217597,0.383847,-0.002642,0.247466,0.26337,-0.014655,0.305384,0.215707,-0.032144,0.359988,0.198571,-0.046611,0.204362,0.418915,-0.056694,0.246074,0.312777,-0.07095,0.293966,0.260535,-0.081515,0.340056,0.234852,-0.091646
C,0.210077,0.710667,1e-06,0.31364,0.6228,0.047659,0.358034,0.518248,0.065196,0.398022,0.458472,0.061239,0.432939,0.38629,0.05421,0.265557,0.375878,0.10524,0.299252,0.275897,0.105313,0.346018,0.229058,0.088664,0.39294,0.195567,0.071985,0.239899,0.370294,0.053958,0.272957,0.249113,0.05211,0.33323,0.199746,0.030059,0.392648,0.184654,0.009933,0.217579,0.382021,-0.002736,0.251938,0.259595,-0.011297,0.313781,0.210826,-0.026663,0.37053,0.194317,-0.040285,0.208512,0.416532,-0.059265,0.253015,0.304583,-0.070395,0.304168,0.248519,-0.078367,0.352906,0.220425,-0.086973
C,0.207663,0.714935,1e-06,0.314949,0.618905,0.055826,0.358459,0.51641,0.073006,0.397326,0.45721,0.066383,0.433386,0.382369,0.056169,0.254429,0.374095,0.111395,0.293653,0.271984,0.110745,0.344731,0.223108,0.093429,0.393979,0.189861,0.07572,0.228942,0.371436,0.053695,0.26796,0.245727,0.048612,0.333611,0.198086,0.024459,0.395522,0.18646,0.002997,0.211188,0.38626,-0.008768,0.249742,0.259617,-0.019223,0.315808,0.211498,-0.033552,0.373682,0.194547,-0.046718,0.209111,0.423118,-0.0705,0.254908,0.309656,-0.082818,0.307318,0.253935,-0.09,0.355096,0.224139,-0.098351
C,0.208,0.718558,1e-06,0.312778,0.624071,0.04876,0.358073,0.519637,0.065843,0.39746,0.458093,0.062252,0.432741,0.38249,0.056464,0.248188,0.375728,0.101118,0.287837,0.27138,0.10064,0.340474,0.22366,0.086557,0.390482,0.193869,0.072965,0.222873,0.370579,0.051664,0.263496,0.243875,0.047987,0.330074,0.197627,0.029049,0.391961,0.190307,0.013028,0.207426,0.386306,-0.002329,0.248229,0.256694,-0.010369,0.315845,0.20947,-0.020655,0.375425,0.197357,-0.029378,0.209228,0.42479,-0.055813,0.256484,0.305699,-0.065679,0.309056,0.249474,-0.070165,0.357742,0.223609,-0.074792
C,0.205658,0.719673,1e-06,0.309339,0.627958,0.046287,0.354493,0.521593,0.062828,0.394808,0.4585,0.059463,0.429723,0.382613,0.054025,0.243516,0.379146,0.09617,0.280423,0.27355,0.092445,0.335354,0.225705,0.076517,0.387335,0.19795,0.062112,0.219558,0.37386,0.048427,0.260965,0.246399,0.042132,0.329555,0.202141,0.022014,0.392279,0.1972,0.005449,0.205314,0.389006,-0.003912,0.247287,0.257864,-0.013772,0.316038,0.211061,-0.024881,0.376034,0.200083,-0.033948,0.208112,0.426738,-0.055782,0.256794,0.309869,-0.067196,0.308512,0.252118,-0.072936,0.355785,0.222506,-0.078365
C,0.206007,0.720004,1e-06,0.307227,0.628879,0.04564,0.352601,0.520585,0.061709,0.392485,0.45684,0.058713,0.428447,0.381664,0.053843,0.235181,0.380758,0.089027,0.274431,0.273627,0.082829,0.332269,0.225032,0.066397,0.386746,0.197439,0.051892,0.212736,0.37664,0.041868,0.255968,0.245422,0.030847,0.328082,0.201738,0.009736,0.392842,0.197929,-0.006409,0.201272,0.393468,-0.00925,0.243251,0.257619,-0.022874,0.314909,0.21035,-0.034021,0.376697,0.198975,-0.041848,0.208401,0.433809,-0.059553,0.257194,0.312043,-0.073232,0.309753,0.252725,-0.079046,0.357329,0.222377,-0.083733
C,0.204925,0.724151,1e-06,0.306634,0.634378,0.042682,0.352588,0.523858,0.057686,0.393317,0.455644,0.054732,0.429237,0.380639,0.050208,0.228048,0.382646,0.083002,0.269024,0.274454,0.075772,0.329765,0.225951,0.059464,0.385454,0.199434,0.045368,0.20698,0.378735,0.038384,0.252269,0.2454,0.025921,0.326765,0.202942,0.005113,0.392082,0.199146,-0.010385,0.198892,0.396133,-0.009873,0.24242,0.258882,-0.02462,0.315745,0.21236,-0.035286,0.377478,0.201745,-0.042196,0.210571,0.437541,-0.057356,0.259865,0.313376,-0.071542,0.312838,0.252853,-0.07715,0.360052,0.221369,-0.081267
C,0.204688,0.722635,1e-06,0.306106,0.631412,0.045543,0.35183,0.522423,0.062325,0.391852,0.455124,0.060426,0.428889,0.380779,0.056984,0.226798,0.38208,0.090668,0.268718,0.277449,0.084898,0.32967,0.229312,0.068423,0.385801,0.201879,0.053526,0.206532,0.378079,0.044097,0.252728,0.246562,0.031296,0.327775,0.203544,0.009054,0.393674,0.198152,-0.007441,0.199017,0.395013,-0.006209,0.243812,0.260236,-0.021816,0.3181,0.214136,-0.032799,0.380644,0.201096,-0.03967,0.210808,0.436015,-0.055584,0.261423,0.313481,-0.070294,0.31531,0.254066,-0.075737,0.363191,0.221067,-0.079686
C,0.204537,0.724159,1e-06,0.306411,0.632326,0.041733,0.352879,0.522453,0.055986,0.393627,0.452859,0.052465,0.431995,0.378578,0.047912,0.229503,0.381858,0.084748,0.268349,0.274955,0.077682,0.329638,0.226496,0.061774,0.385932,0.201595,0.047933,0.208855,0.37859,0.040588,0.253309,0.245552,0.026672,0.327577,0.20479,0.006374,0.393259,0.20116,-0.007982,0.200624,0.3965,-0.007358,0.243816,0.260392,-0.023805,0.315741,0.215858,-0.031436,0.376919,0.206328,-0.035078,0.211287,0.43981,-0.054723,0.261155,0.31633,-0.069053,0.313694,0.255297,-0.07217,0.360006,0.223123,-0.073701
C,0.205134,0.722331,1e-06,0.308309,0.63022,0.045716,0.353154,0.520367,0.062687,0.393565,0.454604,0.060596,0.429281,0.381138,0.056695,0.229546,0.381221,0.090557,0.273499,0.277732,0.083663,0.333924,0.230394,0.065531,0.390289,0.201849,0.049126,0.209353,0.377589,0.04307,0.256962,0.24815,0.029747,0.331037,0.206015,0.005991,0.397849,0.199194,-0.012273,0.201227,0.395107,-0.00825,0.247338,0.261138,-0.024355,0.320633,0.21539,-0.03664,0.383376,0.200803,-0.045065,0.21243,0.435868,-0.058718,0.264448,0.314249,-0.073687,0.317118,0.254518,-0.079649,0.364041,0.220493,-0.08461
C,0.205155,0.724625,1e-06,0.309598,0.632528,0.044346,0.353829,0.52158,0.060843,0.393967,0.453351,0.058527,0.429426,0.377696,0.0543,0.232156,0.381206,0.089328,0.274192,0.277888,0.082293,0.33373,0.22995,0.064004,0.389427,0.200278,0.047495,0.210785,0.376954,0.042606,0.257503,0.248939,0.030264,0.330716,0.205809,0.006814,0.396869,0.197249,-0.011726,0.201584,0.394419,-0.008196,0.247735,0.262598,-0.024071,0.320647,0.215848,-0.037397,0.383038,0.200537,-0.046964,0.211929,0.434523,-0.058227,0.264171,0.314713,-0.073857,0.316932,0.254821,-0.08117,0.364295,0.220364,-0.087367
C,0.204542,0.723147,1e-06,0.30841,0.631558,0.042523,0.353691,0.520007,0.057171,0.394267,0.450862,0.053374,0.432088,0.375857,0.047733,0.235847,0.380208,0.085884,0.275677,0.27555,0.077802,0.334894,0.227813,0.059641,0.390217,0.199245,0.043567,0.21401,0.375966,0.039958,0.258878,0.246811,0.027195,0.331822,0.205381,0.0049,0.397507,0.198783,-0.012547,0.203228,0.393672,-0.010159,0.248521,0.25889,-0.026689,0.320275,0.214216,-0.038322,0.3819,0.201485,-0.04632,0.210469,0.434461,-0.05963,0.262231,0.314509,-0.076062,0.314983,0.253974,-0.083056,0.362044,0.219317,-0.088562
C,0.203709,0.724704,1e-06,0.309124,0.631217,0.048762,0.353483,0.520821,0.066566,0.393925,0.451979,0.064544,0.431227,0.376641,0.060726,0.231738,0.381387,0.095483,0.273514,0.276821,0.090316,0.333316,0.228585,0.07449,0.389037,0.200707,0.060048,0.210854,0.37668,0.046965,0.25866,0.247107,0.035516,0.331269,0.205708,0.014886,0.396406,0.200194,-0.000668,0.202196,0.393628,-0.005502,0.24946,0.260119,-0.020439,0.321179,0.215129,-0.029689,0.38224,0.202676,-0.035594,0.212242,0.434148,-0.056957,0.264398,0.312009,-0.071144,0.317361,0.252866,-0.075502,0.364427,0.220567,-0.078839
C,0.205059,0.724031,1e-06,0.308856,0.632149,0.042393,0.35375,0.521893,0.05664,0.394746,0.452556,0.0524,0.430556,0.374989,0.046497,0.23158,0.38093,0.08731,0.275443,0.276858,0.08027,0.335752,0.229083,0.062738,0.391351,0.200643,0.047132,0.21057,0.376803,0.041903,0.258957,0.246854,0.030261,0.331336,0.205321,0.008839,0.396539,0.19849,-0.007929,0.201754,0.394167,-0.007609,0.249635,0.260023,-0.022181,0.321408,0.214493,-0.031905,0.382299,0.201975,-0.038788,0.212442,0.435269,-0.056641,0.265384,0.314567,-0.070423,0.31832,0.254958,-0.074921,0.364913,0.221937,-0.078786
C,0.205261,0.723556,1e-06,0.308455,0.631032,0.045362,0.353905,0.520835,0.061639,0.39382,0.4543,0.058786,0.429512,0.379428,0.054242,0.231989,0.376372,0.092479,0.275263,0.274516,0.086801,0.33513,0.227839,0.069475,0.390917,0.200768,0.053946,0.210669,0.373087,0.045475,0.258792,0.245734,0.034651,0.331461,0.203085,0.01294,0.397407,0.197281,-0.003668,0.20215,0.391526,-0.005525,0.250307,0.260162,-0.019059,0.322847,0.213478,-0.028827,0.38497,0.199614,-0.035386,0.213237,0.434147,-0.055925,0.267361,0.313617,-0.068582,0.320302,0.253418,-0.072252,0.367251,0.220094,-0.075221
C,0.204657,0.72344,1e-06,0.309197,0.631922,0.046145,0.353952,0.521163,0.063313,0.393732,0.453995,0.061046,0.429755,0.378023,0.05707,0.233833,0.380308,0.096306,0.275545,0.27811,0.091988,0.334246,0.229916,0.07531,0.389038,0.200988,0.059842,0.2125,0.376041,0.048984,0.259327,0.248189,0.039135,0.330495,0.20515,0.017436,0.395687,0.197362,0.000329,0.203073,0.392576,-0.002562,0.250011,0.261632,-0.015998,0.321364,0.215542,-0.026166,0.382914,0.201921,-0.033382,0.212767,0.432636,-0.053484,0.265804,0.313288,-0.066473,0.318524,0.254073,-0.070894,0.365516,0.221292,-0.074815
C,0.205969,0.724732,1e-06,0.310222,0.632731,0.041986,0.35532,0.521451,0.057689,0.394378,0.45253,0.055038,0.430055,0.3784,0.05091,0.237018,0.378913,0.089706,0.277973,0.276318,0.083103,0.336219,0.228515,0.065186,0.390969,0.199526,0.049292,0.214438,0.374906,0.044928,0.260627,0.249112,0.034206,0.330715,0.205375,0.012446,0.394922,0.194904,-0.004657,0.203479,0.392474,-0.004175,0.250794,0.264776,-0.018367,0.320626,0.217678,-0.028671,0.381318,0.202674,-0.035774,0.211534,0.434134,-0.052912,0.263346,0.317271,-0.066276,0.314561,0.258517,-0.070666,0.360532,0.226176,-0.074272
C,0.205691,0.725357,1e-06,0.310918,0.63337,0.043922,0.354396,0.522484,0.059981,0.394701,0.453621,0.056707,0.429352,0.376367,0.051473,0.238005,0.383382,0.095991,0.279451,0.279473,0.092535,0.336324,0.231645,0.075915,0.389355,0.200877,0.060566,0.215592,0.377636,0.050059,0.261802,0.251786,0.04416,0.331062,0.207107,0.023277,0.39379,0.197851,0.005626,0.204035,0.392857,-0.000464,0.250536,0.263958,-0.010165,0.319774,0.21713,-0.020957,0.379085,0.203847,-0.030009,0.211108,0.430813,-0.050715,0.262785,0.313859,-0.061466,0.314735,0.256257,-0.066177,0.361478,0.225226,-0.071097
C,0.205082,0.723794,1e-06,0.310115,0.633737,0.044071,0.353955,0.522367,0.060533,0.393929,0.454389,0.057787,0.429599,0.378319,0.053053,0.236633,0.3822,0.093964,0.277095,0.278485,0.089119,0.334552,0.23033,0.071516,0.38859,0.200383,0.055331,0.214712,0.377136,0.047354,0.259155,0.250383,0.038598,0.330215,0.205946,0.01596,0.394748,0.198407,-0.002575,0.203422,0.393243,-0.003712,0.24829,0.262751,-0.01624,0.319454,0.215405,-0.028789,0.380749,0.201436,-0.038577,0.210679,0.432129,-0.054292,0.262138,0.313756,-0.067572,0.314474,0.254747,-0.073895,0.361705,0.222465,-0.079721
C,0.20498,0.722508,1e-06,0.305431,0.635518,0.037163,0.35335,0.522624,0.050882,0.394181,0.452774,0.048105,0.43076,0.377848,0.044177,0.233246,0.381245,0.078615,0.273616,0.275674,0.070463,0.332806,0.227265,0.053783,0.38781,0.199522,0.039267,0.212021,0.37648,0.037199,0.259302,0.246454,0.023791,0.331224,0.204936,0.003066,0.395461,0.198049,-0.012306,0.202593,0.394198,-0.008275,0.248502,0.26025,-0.024969,0.319057,0.214499,-0.035264,0.379589,0.201728,-0.041413,0.211205,0.43603,-0.053343,0.261519,0.314504,-0.068941,0.313908,0.254637,-0.074804,0.361122,0.222192,-0.078818
C,0.204718,0.721828,1e-06,0.304266,0.635567,0.037923,0.352398,0.522492,0.052111,0.392743,0.452493,0.049402,0.430528,0.377311,0.045681,0.235391,0.380397,0.083733,0.274075,0.277796,0.077375,0.332685,0.229153,0.061282,0.38695,0.200999,0.046585,0.21347,0.375674,0.04141,0.258225,0.246217,0.02793,0.329389,0.205143,0.006833,0.394713,0.19561,-0.008773,0.202872,0.392819,-0.005103,0.247307,0.260465,-0.022768,0.317816,0.215915,-0.032385,0.379491,0.201264,-0.037632,0.209407,0.43504,-0.051203,0.261156,0.31397,-0.066623,0.313582,0.255038,-0.071114,0.360265,0.222569,-0.074094
C,0.204344,0.720976,1e-06,0.304805,0.634244,0.038066,0.353288,0.522069,0.05147,0.394606,0.453552,0.04829,0.43104,0.379156,0.043855,0.23281,0.381862,0.076135,0.272177,0.276855,0.068105,0.33048,0.227887,0.05241,0.385058,0.199746,0.038582,0.211193,0.377491,0.03403,0.257171,0.247257,0.020219,0.328399,0.205617,0.00058,0.392901,0.197681,-0.013833,0.202238,0.395484,-0.011873,0.247614,0.261687,-0.028578,0.317756,0.216583,-0.038055,0.378178,0.203129,-0.043579,0.211325,0.437861,-0.057242,0.261225,0.317124,-0.072425,0.312555,0.257566,-0.077647,0.358598,0.224882,-0.081228
C,0.205457,0.724009,1e-06,0.307667,0.634848,0.042412,0.353721,0.523634,0.058187,0.394086,0.456129,0.055853,0.430265,0.379884,0.051696,0.240373,0.384913,0.086039,0.281378,0.280321,0.081422,0.336119,0.230917,0.066972,0.387751,0.199357,0.053449,0.216605,0.3788,0.041024,0.262547,0.252058,0.031573,0.330363,0.207413,0.012432,0.393409,0.196686,-0.002706,0.203813,0.395201,-0.008086,0.248409,0.264849,-0.021393,0.315572,0.216881,-0.031355,0.375305,0.201375,-0.038449,0.208712,0.435093,-0.056652,0.257827,0.315218,-0.07035,0.308793,0.255931,-0.075799,0.356246,0.225104,-0.080245
C,0.202681,0.725924,1e-06,0.309896,0.632921,0.046227,0.354904,0.5234,0.062459,0.394869,0.455732,0.058882,0.430149,0.377393,0.053248,0.24079,0.381846,0.095964,0.280124,0.277004,0.092661,0.335745,0.229157,0.077146,0.388012,0.199114,0.062546,0.216864,0.376575,0.04823,0.262287,0.250473,0.042005,0.330899,0.206827,0.022412,0.393135,0.199148,0.005786,0.20383,0.392057,-0.004121,0.249565,0.262973,-0.014253,0.318035,0.216341,-0.024552,0.377338,0.203338,-0.033329,0.20832,0.42946,-0.056044,0.259071,0.314728,-0.067682,0.311283,0.257863,-0.073238,0.358729,0.22718,-0.078814
C,0.203231,0.724063,1e-06,0.30822,0.633511,0.046467,0.354004,0.521587,0.063719,0.394013,0.453514,0.061611,0.431603,0.376319,0.057669,0.24082,0.382101,0.095049,0.28092,0.2788,0.092934,0.335531,0.229752,0.079218,0.387098,0.19808,0.065659,0.216181,0.375653,0.047581,0.262624,0.250918,0.040157,0.330706,0.206895,0.021297,0.393806,0.19683,0.005969,0.202794,0.390955,-0.004133,0.249116,0.264335,-0.015726,0.316781,0.21763,-0.024772,0.376233,0.201588,-0.031693,0.207243,0.429682,-0.055234,0.258129,0.31259,-0.067224,0.309372,0.255014,-0.071465,0.356353,0.224259,-0.075463
C,0.204221,0.720345,1e-06,0.308134,0.631848,0.044528,0.354122,0.521613,0.061286,0.39266,0.454513,0.059187,0.429759,0.378591,0.055456,0.240026,0.380758,0.093111,0.279739,0.277715,0.090477,0.334825,0.229201,0.076467,0.386775,0.198834,0.062896,0.215973,0.375295,0.046843,0.261634,0.250244,0.038212,0.329927,0.206484,0.018775,0.392706,0.197289,0.003474,0.203223,0.391362,-0.003698,0.248228,0.263911,-0.016557,0.316448,0.217032,-0.026013,0.376237,0.202361,-0.032576,0.208195,0.430689,-0.053674,0.2589,0.312965,-0.066086,0.310711,0.255298,-0.070271,0.358119,0.225445,-0.073899
C,0.204323,0.721805,1e-06,0.309732,0.631767,0.041615,0.355614,0.523601,0.05593,0.394088,0.456207,0.051522,0.430091,0.378262,0.045227,0.244921,0.379477,0.088038,0.282196,0.275501,0.082694,0.336148,0.227889,0.066304,0.387609,0.19745,0.051157,0.220568,0.374432,0.042292,0.262942,0.249936,0.034384,0.329886,0.206004,0.014467,0.391377,0.197082,-0.002309,0.206159,0.391377,-0.008205,0.249157,0.26484,-0.020448,0.31589,0.218469,-0.031647,0.374451,0.205567,-0.040673,0.208506,0.431266,-0.058527,0.257523,0.318399,-0.072543,0.308611,0.260974,-0.079475,0.355187,0.230527,-0.085664
C,0.202781,0.721898,1e-06,0.308306,0.633687,0.044299,0.35489,0.524141,0.060773,0.392967,0.456777,0.058207,0.429737,0.381238,0.053973,0.241182,0.377615,0.093943,0.279672,0.27585,0.091097,0.335024,0.228111,0.076109,0.387047,0.19887,0.061658,0.216959,0.372897,0.047478,0.260451,0.248638,0.040472,0.328898,0.205768,0.021321,0.391606,0.197706,0.005423,0.20384,0.390002,-0.003503,0.248139,0.262841,-0.015311,0.31637,0.217487,-0.024471,0.376189,0.205204,-0.031587,0.208499,0.430616,-0.054158,0.258291,0.315046,-0.067663,0.310411,0.257676,-0.072936,0.357874,0.227712,-0.077483
C,0.203268,0.722386,1e-06,0.306396,0.635333,0.037332,0.354161,0.522995,0.050731,0.394164,0.454476,0.046492,0.432157,0.378058,0.040711,0.243467,0.378635,0.086045,0.281162,0.278707,0.080475,0.335753,0.230417,0.063186,0.387488,0.199183,0.047071,0.217822,0.372939,0.042631,0.261811,0.251616,0.033873,0.328618,0.207898,0.012677,0.391554,0.196189,-0.005118,0.202809,0.389241,-0.005661,0.247765,0.264719,-0.019267,0.314536,0.21792,-0.030658,0.374566,0.202732,-0.039427,0.204967,0.429279,-0.05409,0.256872,0.317357,-0.068356,0.308618,0.258928,-0.074871,0.356148,0.22657,-0.080676
L,0.242732,0.832422,0.0,0.339524,0.765061,-0.034834,0.410978,0.61877,-0.044179,0.462611,0.510744,-0.053227,0.518419,0.452627,-0.061155,0.331065,0.509356,-0.019084,0.340324,0.363549,-0.049871,0.344273,0.274143,-0.070345,0.347199,0.196299,-0.087197,0.273879,0.517076,-0.02234,0.30283,0.447505,-0.083498,0.303395,0.570651,-0.10129,0.293385,0.6492,-0.099821,0.216422,0.546444,-0.030664,0.2419,0.476572,-0.093226,0.251481,0.594955,-0.084219,0.245167,0.664006,-0.062004,0.153597,0.580997,-0.041699,0.172492,0.520264,-0.086872,0.19411,0.59983,-0.080635,0.199381,0.653051,-0.06612
L,0.241855,0.831752,0.0,0.3403,0.767106,-0.034444,0.412544,0.619687,-0.043672,0.461998,0.510607,-0.053046,0.517275,0.452822,-0.061535,0.328758,0.508523,-0.017942,0.338732,0.363907,-0.050087,0.343693,0.273957,-0.071612,0.346036,0.195946,-0.088981,0.271765,0.515647,-0.021852,0.302233,0.449657,-0.084397,0.303638,0.571788,-0.103301,0.293234,0.646655,-0.102173,0.214939,0.544623,-0.030922,0.242417,0.475966,-0.096085,0.252292,0.5957,-0.087787,0.245928,0.662319,-0.065336,0.152877,0.579095,-0.042524,0.17335,0.52064,-0.09016,0.195392,0.603117,-0.084211,0.201059,0.656404,-0.069257
L,0.242627,0.831762,0.0,0.338028,0.770097,-0.035534,0.411837,0.622998,-0.046158,0.461928,0.513868,-0.056609,0.518014,0.456054,-0.066252,0.329282,0.509958,-0.022514,0.339169,0.366008,-0.0548,0.344057,0.27691,-0.075498,0.345944,0.199243,-0.092191,0.272053,0.51681,-0.025934,0.301562,0.450687,-0.086741,0.302713,0.572047,-0.103707,0.292853,0.644812,-0.102044,0.214696,0.545593,-0.034394,0.242085,0.477277,-0.098152,0.251946,0.595957,-0.088506,0.245934,0.662406,-0.065892,0.152773,0.580989,-0.045461,0.172952,0.522148,-0.092103,0.195346,0.603383,-0.085493,0.200717,0.656279,-0.070529
L,0.241391,0.832334,0.0,0.337447,0.768992,-0.03492,0.410682,0.622722,-0.045401,0.461633,0.51346,-0.055685,0.517891,0.456341,-0.065176,0.329836,0.510747,-0.022287,0.339354,0.366781,-0.054866,0.344018,0.277381,-0.07621,0.345869,0.198987,-0.093564,0.272768,0.517377,-0.026072,0.301081,0.450958,-0.0878,0.3029,0.573169,-0.105334,0.293821,0.647873,-0.103957,0.215977,0.546747,-0.034835,0.241074,0.47811,-0.098939,0.251868,0.596654,-0.08962,0.24683,0.663955,-0.067188,0.154418,0.582487,-0.046191,0.173064,0.523854,-0.093486,0.195348,0.606238,-0.087454,0.201618,0.660091,-0.072813
L,0.240949,0.83193,0.0,0.335471,0.773046,-0.036878,0.409755,0.625521,-0.048297,0.460362,0.515431,-0.059089,0.51622,0.456726,-0.06893,0.328709,0.511343,-0.024724,0.338346,0.367626,-0.058149,0.343572,0.27751,-0.079593,0.34536,0.199563,-0.096814,0.271093,0.517755,-0.02773,0.30043,0.451299,-0.090238,0.302089,0.574391,-0.107274,0.292762,0.649101,-0.105222,0.214016,0.546973,-0.035893,0.2409,0.478537,-0.100747,0.251632,0.597294,-0.090989,0.245966,0.663974,-0.068051,0.152437,0.582768,-0.046802,0.173544,0.525824,-0.094853,0.19566,0.608016,-0.088828,0.200922,0.661182,-0.073993
L,0.240834,0.837537,0.0,0.335216,0.771848,-0.03902,0.406294,0.627786,-0.053048,0.459696,0.518681,-0.065703,0.515597,0.454981,-0.076903,0.329974,0.511839,-0.029133,0.337065,0.367929,-0.063224,0.341619,0.278946,-0.085598,0.343913,0.201537,-0.103362,0.271743,0.518815,-0.031098,0.299039,0.45487,-0.09255,0.301614,0.57972,-0.108498,0.293125,0.656742,-0.106379,0.214248,0.549219,-0.038262,0.238417,0.484387,-0.100626,0.249928,0.601131,-0.089666,0.244162,0.66791,-0.066775,0.153262,0.587426,-0.048568,0.173635,0.530436,-0.094097,0.195568,0.610527,-0.086715,0.199554,0.662664,-0.071416
L,0.240426,0.83773,0.0,0.33501,0.773324,-0.03565,0.407984,0.628865,-0.047241,0.458852,0.519465,-0.058402,0.514557,0.459206,-0.06862,0.329904,0.514162,-0.024011,0.337375,0.369884,-0.057105,0.341609,0.280007,-0.078714,0.343212,0.201529,-0.095943,0.272257,0.520723,-0.027393,0.30099,0.454666,-0.08848,0.302287,0.579704,-0.105113,0.292249,0.655833,-0.10324,0.214585,0.550155,-0.035739,0.240374,0.482624,-0.098377,0.250646,0.601673,-0.08791,0.244038,0.669757,-0.064989,0.152246,0.586329,-0.046831,0.171516,0.525726,-0.092161,0.193363,0.605686,-0.084762,0.197611,0.658811,-0.069375
L,0.238152,0.836466,0.0,0.336585,0.771049,-0.034781,0.409597,0.627926,-0.045167,0.460151,0.520761,-0.055614,0.514807,0.460798,-0.065116,0.327536,0.513365,-0.019504,0.336992,0.370883,-0.053024,0.342098,0.280782,-0.075387,0.343481,0.202158,-0.093212,0.270497,0.520374,-0.024029,0.30039,0.453502,-0.086337,0.30239,0.577559,-0.10488,0.293217,0.652363,-0.103844,0.213985,0.549991,-0.033823,0.241042,0.48228,-0.099247,0.251274,0.601713,-0.090325,0.245069,0.666392,-0.067657,0.152204,0.585443,-0.04617,0.1727,0.527084,-0.094082,0.193509,0.609389,-0.087276,0.197393,0.661305,-0.071797
L,0.24014,0.835962,0.0,0.335516,0.774359,-0.034952,0.40798,0.628252,-0.045122,0.456837,0.518291,-0.055088,0.512468,0.458326,-0.06403,0.327296,0.515384,-0.020236,0.334886,0.371857,-0.052926,0.340261,0.282363,-0.074013,0.342232,0.204589,-0.090834,0.269628,0.52286,-0.024185,0.301036,0.4543,-0.086039,0.303293,0.578367,-0.103227,0.293272,0.653263,-0.100985,0.212774,0.552355,-0.033314,0.242035,0.483607,-0.098217,0.251997,0.602687,-0.088381,0.244391,0.667698,-0.064889,0.151135,0.58778,-0.044964,0.174419,0.529596,-0.092276,0.194929,0.610764,-0.085018,0.196823,0.661224,-0.069137
L,0.24227,0.838184,0.0,0.334996,0.775797,-0.035192,0.403349,0.62814,-0.046357,0.453997,0.51949,-0.057683,0.509189,0.457096,-0.067499,0.323792,0.516541,-0.016737,0.333531,0.373659,-0.046668,0.342822,0.285096,-0.065484,0.34748,0.207952,-0.080956,0.267186,0.523397,-0.019291,0.301149,0.460496,-0.079476,0.304428,0.58455,-0.094508,0.293511,0.65299,-0.090376,0.212568,0.552382,-0.027304,0.245673,0.493319,-0.091452,0.256967,0.609319,-0.081602,0.247044,0.668038,-0.057607,0.154315,0.586747,-0.037786,0.186757,0.533934,-0.085176,0.205613,0.615635,-0.078287,0.20347,0.662593,-0.062196
L,0.238136,0.847159,0.0,0.333225,0.780708,-0.032796,0.400937,0.630697,-0.04213,0.450771,0.520671,-0.052325,0.507487,0.45664,-0.060574,0.314308,0.522353,-0.007509,0.327408,0.379463,-0.037528,0.337832,0.289922,-0.05753,0.343067,0.210549,-0.073716,0.260571,0.529857,-0.012268,0.306484,0.467076,-0.073993,0.309248,0.589833,-0.091643,0.292461,0.654276,-0.088306,0.208148,0.558129,-0.022795,0.252894,0.496506,-0.089184,0.26163,0.615107,-0.080593,0.245776,0.668473,-0.056282,0.151366,0.59154,-0.035484,0.192412,0.53729,-0.083778,0.209441,0.620256,-0.075814,0.20169,0.664387,-0.058284
L,0.23508,0.856253,0.0,0.335511,0.783816,-0.0305,0.39915,0.635483,-0.040171,0.446713,0.528877,-0.051694,0.503307,0.463567,-0.06157,0.310907,0.519818,-0.004546,0.3256,0.385077,-0.038243,0.337714,0.293342,-0.061027,0.342028,0.21289,-0.078713,0.256024,0.525201,-0.012422,0.315517,0.466425,-0.074834,0.314075,0.592371,-0.091383,0.288834,0.648888,-0.086475,0.204672,0.553528,-0.026796,0.261518,0.499767,-0.098058,0.268491,0.623927,-0.087947,0.245557,0.666207,-0.061331,0.147489,0.588346,-0.042968,0.19946,0.541581,-0.095257,0.217324,0.629291,-0.085269,0.203579,0.66631,-0.065573
L,0.237021,0.861637,0.0,0.329478,0.791948,-0.030739,0.396837,0.635656,-0.039524,0.442721,0.526263,-0.049381,0.498906,0.462321,-0.057379,0.306393,0.524715,-0.00962,0.317851,0.381606,-0.03929,0.32891,0.29201,-0.058094,0.334047,0.210768,-0.073662,0.252722,0.53023,-0.015356,0.310009,0.469463,-0.073794,0.31141,0.595877,-0.08756,0.289302,0.654261,-0.082344,0.201838,0.557564,-0.026736,0.259488,0.503551,-0.092825,0.266052,0.627212,-0.081106,0.244785,0.674093,-0.055134,0.147679,0.59284,-0.039928,0.199818,0.54438,-0.088499,0.216907,0.631136,-0.078503,0.204583,0.669833,-0.059991
L,0.237118,0.870031,0.0,0.328956,0.788849,-0.028019,0.392914,0.633577,-0.038785,0.441059,0.527076,-0.052317,0.498147,0.461663,-0.063928,0.300733,0.5175,-0.005153,0.313027,0.378704,-0.035511,0.324825,0.288624,-0.056545,0.32983,0.207052,-0.073837,0.246327,0.5245,-0.012893,0.309573,0.469076,-0.072181,0.313864,0.592691,-0.088195,0.290182,0.650234,-0.084723,0.195339,0.555171,-0.025991,0.258702,0.505323,-0.090723,0.269066,0.627103,-0.07855,0.246427,0.675818,-0.05275,0.141674,0.592905,-0.041003,0.200014,0.549578,-0.088056,0.219409,0.633197,-0.077222,0.205066,0.670935,-0.057992
L,0.234573,0.8665,0.0,0.32824,0.783279,-0.022064,0.388875,0.627666,-0.031419,0.43366,0.521284,-0.044748,0.486769,0.452912,-0.056446,0.290987,0.513085,-0.001039,0.301864,0.376902,-0.03398,0.314178,0.287685,-0.055923,0.318801,0.2077,-0.073303,0.236741,0.521319,-0.013635,0.309825,0.46874,-0.074447,0.313098,0.596268,-0.089217,0.28674,0.649688,-0.083977,0.188116,0.554536,-0.031728,0.261185,0.51062,-0.100368,0.270326,0.635837,-0.087089,0.243696,0.675505,-0.059665,0.137563,0.596592,-0.051043,0.205384,0.561699,-0.101105,0.22227,0.6477,-0.088921,0.201538,0.67742,-0.068357
L,0.229427,0.87067,0.0,0.321424,0.784042,-0.024725,0.381955,0.620569,-0.03362,0.424969,0.512004,-0.045857,0.47727,0.443907,-0.05607,0.283056,0.511569,-0.006033,0.29076,0.372985,-0.036954,0.300566,0.283256,-0.059003,0.303049,0.198976,-0.077809,0.228255,0.51929,-0.016959,0.300212,0.472131,-0.075548,0.310416,0.594192,-0.092007,0.286857,0.648879,-0.090063,0.179559,0.554872,-0.03303,0.25408,0.513007,-0.097871,0.269295,0.634265,-0.087042,0.244797,0.677539,-0.063318,0.132081,0.600741,-0.050824,0.20096,0.566956,-0.099002,0.224214,0.649325,-0.089638,0.208578,0.681682,-0.072156
L,0.22112,0.870264,0.0,0.313551,0.775541,-0.021481,0.372102,0.612405,-0.029192,0.414659,0.503685,-0.040458,0.466766,0.438134,-0.049599,0.274561,0.507395,-0.006522,0.280497,0.36933,-0.037149,0.289249,0.279951,-0.059002,0.291724,0.193926,-0.077788,0.21909,0.513748,-0.018937,0.292829,0.467364,-0.074675,0.306448,0.584977,-0.090271,0.285595,0.640308,-0.089117,0.170721,0.549985,-0.036123,0.248885,0.514702,-0.098363,0.265253,0.63201,-0.088477,0.242648,0.675254,-0.066516,0.126353,0.599713,-0.054867,0.199465,0.570492,-0.100813,0.226088,0.650286,-0.092116,0.213883,0.683686,-0.075918
L,0.196687,0.859231,0.0,0.316449,0.747773,0.004409,0.367068,0.602957,-0.006415,0.408622,0.498575,-0.03086,0.460848,0.427048,-0.055809,0.268521,0.504461,0.012138,0.269194,0.365001,-0.02689,0.276584,0.274642,-0.055616,0.277568,0.19038,-0.078863,0.210356,0.518599,-0.023624,0.286494,0.466656,-0.089382,0.301892,0.582085,-0.111673,0.282852,0.639043,-0.11402,0.162112,0.563068,-0.063426,0.241793,0.51287,-0.133008,0.258729,0.628188,-0.12428,0.236144,0.668391,-0.102607,0.120733,0.610824,-0.103083,0.194982,0.575728,-0.152887,0.223215,0.650273,-0.143031,0.212025,0.682256,-0.126189
L,0.198214,0.856194,0.0,0.309354,0.75139,-0.001032,0.356312,0.602456,-0.018117,0.39671,0.493759,-0.047445,0.447563,0.421032,-0.077045,0.264165,0.497404,-0.007224,0.261647,0.363657,-0.055218,0.268548,0.26854,-0.087395,0.268422,0.188051,-0.110658,0.200023,0.510561,-0.039359,0.279238,0.466663,-0.109904,0.295724,0.581984,-0.127389,0.277665,0.641689,-0.125176,0.151737,0.557278,-0.075361,0.234496,0.50902,-0.14935,0.254628,0.623053,-0.136654,0.232653,0.668404,-0.111185,0.114003,0.603891,-0.111286,0.190506,0.574571,-0.162294,0.219349,0.649157,-0.149565,0.209312,0.682459,-0.130141
L,0.194615,0.858144,0.0,0.298177,0.751241,-0.004691,0.344495,0.599728,-0.019898,0.386085,0.488419,-0.045514,0.432564,0.413768,-0.070485,0.25375,0.494997,-0.011328,0.249452,0.362776,-0.058878,0.255952,0.267863,-0.089848,0.256376,0.188385,-0.111377,0.190474,0.507293,-0.039381,0.273936,0.462609,-0.107054,0.291176,0.580669,-0.121846,0.273492,0.644047,-0.117047,0.144804,0.553255,-0.071475,0.230583,0.506864,-0.144691,0.253569,0.623876,-0.132232,0.231051,0.671127,-0.105829,0.109519,0.600885,-0.10365,0.187392,0.571496,-0.154165,0.220274,0.648069,-0.141586,0.211895,0.685734,-0.121425
L,0.187459,0.861567,0.0,0.296822,0.747049,-0.004213,0.340586,0.596239,-0.017321,0.379034,0.486277,-0.040546,0.423205,0.407909,-0.062975,0.241533,0.493754,-0.010132,0.241819,0.358608,-0.058427,0.246176,0.267106,-0.089782,0.244871,0.186633,-0.112303,0.183599,0.509243,-0.04135,0.272523,0.462557,-0.110186,0.284451,0.579459,-0.126069,0.264023,0.638038,-0.122757,0.140245,0.555079,-0.077628,0.229982,0.517094,-0.151145,0.246361,0.631726,-0.140197,0.223638,0.669202,-0.115966,0.10482,0.607084,-0.114486,0.184159,0.579915,-0.166485,0.21666,0.653773,-0.156716,0.209931,0.6867,-0.139262
L,0.179978,0.858322,0.0,0.298502,0.732529,0.008239,0.340506,0.593528,-0.002736,0.374698,0.486547,-0.028039,0.415018,0.403037,-0.05309,0.239086,0.495637,0.005705,0.238588,0.356797,-0.04195,0.24265,0.267765,-0.073574,0.241477,0.187083,-0.096902,0.185706,0.517833,-0.036985,0.27036,0.463415,-0.107025,0.281702,0.578891,-0.124991,0.260629,0.637958,-0.123781,0.143382,0.564004,-0.085026,0.229845,0.516913,-0.15801,0.243407,0.631066,-0.145575,0.220798,0.667255,-0.121568,0.106815,0.613954,-0.133347,0.18372,0.580692,-0.185396,0.213967,0.652003,-0.17492,0.204996,0.682372,-0.157804
L,0.180178,0.855006,0.0,0.296214,0.728625,0.005619,0.33709,0.586655,-0.007183,0.372478,0.479053,-0.033689,0.415447,0.397838,-0.060073,0.236881,0.494221,0.004911,0.234082,0.355427,-0.042302,0.239511,0.267558,-0.074059,0.2384,0.188817,-0.096669,0.181008,0.515592,-0.034508,0.264098,0.464565,-0.102893,0.276641,0.582026,-0.120095,0.255301,0.640653,-0.117729,0.13794,0.561801,-0.079206,0.223895,0.512231,-0.151445,0.241236,0.627674,-0.140111,0.218407,0.664046,-0.11621,0.101821,0.609629,-0.124071,0.179944,0.575064,-0.175009,0.212975,0.648692,-0.163982,0.204663,0.681541,-0.146022
L,0.17921,0.856273,0.0,0.298767,0.728086,0.007174,0.338879,0.587058,-0.00515,0.372794,0.482505,-0.031865,0.416381,0.40087,-0.05865,0.237452,0.493739,0.010102,0.232982,0.355962,-0.035857,0.237942,0.268376,-0.067498,0.23634,0.188248,-0.090614,0.181813,0.516792,-0.030089,0.263649,0.465075,-0.099516,0.276805,0.584176,-0.119986,0.25585,0.639739,-0.119913,0.13785,0.562702,-0.075252,0.223524,0.511109,-0.149123,0.239295,0.628999,-0.139067,0.216637,0.664096,-0.115667,0.100494,0.609868,-0.120244,0.177456,0.573723,-0.171963,0.206452,0.649702,-0.160592,0.195729,0.681341,-0.142276
L,0.178587,0.862164,0.0,0.298926,0.735949,0.007051,0.339433,0.590665,0.001125,0.373743,0.483633,-0.018642,0.414609,0.401428,-0.038015,0.237781,0.496988,0.021639,0.234514,0.358573,-0.017989,0.238934,0.270413,-0.047767,0.23789,0.189418,-0.070857,0.182333,0.517554,-0.016043,0.259894,0.460987,-0.082613,0.274755,0.579474,-0.106691,0.255535,0.638156,-0.10884,0.13767,0.561991,-0.058601,0.217492,0.507251,-0.130453,0.235628,0.626208,-0.123621,0.214109,0.663732,-0.101636,0.09848,0.609556,-0.100941,0.171653,0.569493,-0.15189,0.200697,0.644693,-0.141874,0.189214,0.676345,-0.123885
L,0.180581,0.868317,0.0,0.29444,0.746153,-0.006096,0.340568,0.596017,-0.015741,0.377634,0.486575,-0.035706,0.422441,0.406413,-0.054379,0.236376,0.499097,0.007034,0.233843,0.360316,-0.032241,0.238063,0.270603,-0.060992,0.238319,0.186471,-0.084151,0.180018,0.51624,-0.021931,0.256194,0.46039,-0.08852,0.276307,0.577823,-0.11229,0.261659,0.635834,-0.115491,0.133796,0.560109,-0.055666,0.213991,0.504866,-0.126765,0.232744,0.624363,-0.11755,0.210724,0.665683,-0.094582,0.093415,0.610895,-0.090286,0.166316,0.571781,-0.141096,0.19404,0.645101,-0.130711,0.180426,0.674519,-0.112678
L,0.181481,0.873862,0.0,0.293832,0.752587,-0.010322,0.341094,0.597535,-0.016204,0.377393,0.485631,-0.030088,0.422549,0.405614,-0.042215,0.235926,0.499751,0.010065,0.232463,0.361455,-0.024722,0.237341,0.272034,-0.051631,0.237165,0.185705,-0.0739,0.178818,0.51582,-0.013926,0.252147,0.457086,-0.072781,0.27186,0.576077,-0.094513,0.254989,0.628772,-0.097286,0.1319,0.559674,-0.043118,0.207004,0.504425,-0.110015,0.22757,0.626768,-0.101413,0.203773,0.662173,-0.079303,0.088778,0.610981,-0.073327,0.157086,0.569021,-0.120797,0.185543,0.643999,-0.108936,0.168437,0.670914,-0.090302
L,0.175226,0.87615,0.0,0.289837,0.757183,-0.011002,0.338213,0.600327,-0.016469,0.375927,0.486632,-0.030157,0.42274,0.404291,-0.042418,0.236349,0.502801,0.011988,0.231273,0.361891,-0.021789,0.235147,0.272946,-0.047219,0.232864,0.185725,-0.068511,0.177548,0.516856,-0.011751,0.245621,0.457384,-0.068361,0.261718,0.580088,-0.087512,0.244735,0.627161,-0.088632,0.12877,0.561932,-0.041098,0.199113,0.503502,-0.107502,0.217765,0.627339,-0.097103,0.191779,0.656878,-0.073942,0.082763,0.613584,-0.071545,0.146605,0.567551,-0.119644,0.17305,0.642464,-0.106967,0.153593,0.664718,-0.087815
L,0.178741,0.878763,0.0,0.292718,0.763648,-0.017861,0.342519,0.602599,-0.023466,0.378518,0.488497,-0.035014,0.426578,0.407548,-0.044992,0.238438,0.509321,0.005086,0.233846,0.364831,-0.029932,0.2366,0.272645,-0.05554,0.233994,0.185687,-0.076657,0.181538,0.524298,-0.015431,0.244958,0.460916,-0.074655,0.259919,0.58368,-0.093979,0.242317,0.636973,-0.094721,0.131147,0.566753,-0.042287,0.196668,0.505102,-0.111968,0.213934,0.627489,-0.103327,0.190109,0.660102,-0.080857,0.081277,0.616073,-0.070556,0.138649,0.564107,-0.121086,0.165597,0.642219,-0.109776,0.149585,0.670903,-0.091604
L,0.179523,0.873542,0.0,0.293865,0.760749,-0.020496,0.339049,0.600582,-0.030035,0.379048,0.487117,-0.046645,0.432054,0.40667,-0.06213,0.242087,0.50905,0.005282,0.236612,0.360714,-0.03268,0.238474,0.269854,-0.061746,0.23605,0.18434,-0.085467,0.183566,0.525546,-0.014965,0.240827,0.460644,-0.083656,0.255124,0.584774,-0.109254,0.240885,0.645253,-0.112377,0.131455,0.570095,-0.04147,0.188063,0.500192,-0.115424,0.205661,0.621992,-0.108002,0.186498,0.664388,-0.08505,0.079267,0.616091,-0.069832,0.127279,0.562436,-0.122576,0.154217,0.638285,-0.112938,0.145227,0.670067,-0.095205
L,0.188523,0.880824,0.0,0.288677,0.778652,-0.030974,0.341358,0.613508,-0.042339,0.380884,0.489835,-0.056055,0.43514,0.410591,-0.068053,0.244545,0.516066,-0.007095,0.237903,0.363859,-0.038522,0.241156,0.276087,-0.061637,0.238116,0.189033,-0.081199,0.187323,0.53024,-0.016018,0.233792,0.458466,-0.073135,0.251186,0.588754,-0.09152,0.238133,0.64931,-0.091709,0.134953,0.572115,-0.030474,0.178466,0.49228,-0.092528,0.202415,0.61685,-0.080816,0.187599,0.668917,-0.057241,0.081387,0.619036,-0.047482,0.11748,0.555627,-0.091268,0.148099,0.632205,-0.079513,0.140926,0.669835,-0.061404
L,0.178109,0.878655,0.0,0.286793,0.779673,-0.032041,0.344484,0.616847,-0.042799,0.385925,0.49599,-0.056129,0.439477,0.420878,-0.068045,0.247781,0.514471,-0.005626,0.246373,0.366149,-0.039261,0.250918,0.278858,-0.064289,0.249206,0.192719,-0.084847,0.188377,0.527348,-0.014486,0.236096,0.456361,-0.075819,0.248022,0.587241,-0.097406,0.234847,0.647111,-0.098521,0.133251,0.56848,-0.029187,0.178112,0.492622,-0.0969,0.198186,0.618235,-0.087637,0.184685,0.668798,-0.063902,0.07653,0.614223,-0.046237,0.113982,0.550313,-0.094747,0.143165,0.631383,-0.084069,0.138552,0.672058,-0.065462
L,0.158963,0.861133,0.0,0.279528,0.765081,-0.041671,0.340117,0.621198,-0.051335,0.3902,0.505876,-0.060028,0.445622,0.431865,-0.065219,0.25794,0.510606,-0.00243,0.259804,0.365658,-0.040828,0.258959,0.27942,-0.075633,0.257128,0.194496,-0.102448,0.192748,0.526162,-0.003527,0.229452,0.454897,-0.067831,0.235843,0.58178,-0.101343,0.228314,0.653153,-0.110917,0.13318,0.566292,-0.011846,0.164657,0.491069,-0.07915,0.180692,0.612059,-0.081734,0.1758,0.665463,-0.066429,0.072919,0.601664,-0.02351,0.100717,0.54756,-0.069897,0.121573,0.627891,-0.06505,0.124607,0.668445,-0.051298
L,0.154583,0.855808,0.0,0.272609,0.764001,-0.039237,0.333958,0.627861,-0.050069,0.385418,0.510987,-0.05862,0.439216,0.442428,-0.06416,0.255399,0.51055,-0.015881,0.264803,0.36287,-0.049675,0.268162,0.277277,-0.076274,0.267792,0.197226,-0.09695,0.194916,0.517496,-0.015459,0.225539,0.449503,-0.068438,0.227103,0.579429,-0.085435,0.220149,0.652141,-0.085547,0.135157,0.554914,-0.021124,0.162253,0.485257,-0.07837,0.172864,0.608448,-0.068092,0.169066,0.66578,-0.046422,0.072776,0.60194,-0.029898,0.092295,0.539502,-0.066784,0.116056,0.620075,-0.053144,0.123656,0.665278,-0.034816
L,0.140824,0.835857,0.0,0.262017,0.750257,-0.044286,0.329621,0.624819,-0.05682,0.384441,0.511743,-0.065406,0.438604,0.439797,-0.070343,0.25634,0.507708,-0.017516,0.264448,0.360936,-0.051605,0.263756,0.273497,-0.079042,0.262038,0.193341,-0.100407,0.195235,0.514556,-0.013927,0.219435,0.443924,-0.066214,0.218388,0.570755,-0.086036,0.214458,0.64634,-0.089417,0.132375,0.548516,-0.016705,0.156486,0.479799,-0.073918,0.161529,0.601668,-0.065824,0.161797,0.662749,-0.046326,0.069576,0.592835,-0.022874,0.088179,0.530644,-0.062117,0.106021,0.612916,-0.050587,0.115746,0.658621,-0.033472
L,0.132508,0.835742,0.0,0.250702,0.751917,-0.049654,0.318968,0.62956,-0.064598,0.372533,0.515185,-0.074607,0.427959,0.440246,-0.080438,0.252341,0.509454,-0.016966,0.259584,0.365476,-0.050152,0.259322,0.278414,-0.076559,0.255891,0.197718,-0.097085,0.188681,0.513402,-0.010241,0.210086,0.441334,-0.062036,0.207138,0.572016,-0.080018,0.203797,0.647464,-0.08126,0.123569,0.54516,-0.010703,0.14508,0.476034,-0.067535,0.149549,0.600394,-0.0573,0.151839,0.661466,-0.035909,0.060043,0.589651,-0.01522,0.076194,0.528361,-0.053814,0.093902,0.612571,-0.041278,0.105914,0.658864,-0.02323
L,0.122462,0.82132,0.0,0.244112,0.737724,-0.039315,0.313709,0.621991,-0.050114,0.364029,0.507638,-0.05896,0.415908,0.438382,-0.063857,0.246892,0.504269,0.000936,0.25289,0.361245,-0.026403,0.252921,0.277406,-0.049959,0.25076,0.198067,-0.069986,0.183013,0.507279,0.00305,0.198231,0.433708,-0.047875,0.194167,0.566352,-0.068595,0.189822,0.642688,-0.072153,0.118152,0.537636,-0.000959,0.134145,0.465908,-0.055526,0.138203,0.592537,-0.044915,0.140287,0.656771,-0.024094,0.053711,0.581368,-0.008376,0.066717,0.517436,-0.046637,0.0802,0.602782,-0.034346,0.092199,0.647738,-0.016584
L,0.12147,0.830436,0.0,0.228505,0.748705,-0.045835,0.293986,0.628536,-0.059751,0.346943,0.510287,-0.068619,0.399084,0.433762,-0.073123,0.234549,0.50484,-0.017642,0.24467,0.364096,-0.04593,0.245878,0.277678,-0.066987,0.243908,0.197179,-0.084402,0.173207,0.510158,-0.011218,0.186513,0.434842,-0.060257,0.182643,0.562189,-0.074719,0.182551,0.635008,-0.074514,0.11032,0.540592,-0.01088,0.121938,0.469084,-0.064978,0.128038,0.591305,-0.053044,0.13352,0.656221,-0.031776,0.049856,0.584559,-0.014131,0.05321,0.517069,-0.051618,0.071682,0.600747,-0.040019,0.087066,0.649996,-0.023384
L,0.114051,0.809822,0.0,0.214173,0.74688,-0.047961,0.283412,0.631464,-0.064669,0.338221,0.513648,-0.077142,0.387804,0.42971,-0.086741,0.229102,0.500851,-0.020922,0.237827,0.362878,-0.051562,0.238146,0.276937,-0.073215,0.234661,0.19612,-0.090742,0.166281,0.505739,-0.015123,0.176298,0.431826,-0.068232,0.174594,0.56016,-0.084969,0.17717,0.633127,-0.085164,0.103224,0.532693,-0.015712,0.113169,0.464016,-0.073705,0.120103,0.588009,-0.064655,0.128408,0.655545,-0.044329,0.043583,0.57043,-0.019889,0.049837,0.510662,-0.061808,0.067121,0.596839,-0.053831,0.08398,0.648478,-0.03863
L,0.106135,0.808615,0.0,0.209366,0.748247,-0.045356,0.279461,0.627846,-0.058535,0.332015,0.508771,-0.067989,0.380626,0.427499,-0.074694,0.226215,0.501444,-0.015855,0.233791,0.366452,-0.04536,0.233201,0.283467,-0.067182,0.228859,0.20201,-0.085162,0.160799,0.504866,-0.010891,0.169189,0.428927,-0.061182,0.168266,0.55787,-0.078447,0.171471,0.632224,-0.079919,0.096834,0.530814,-0.012421,0.105816,0.45895,-0.069117,0.113843,0.584015,-0.06232,0.122937,0.652788,-0.044104,0.036846,0.568069,-0.017347,0.044977,0.507615,-0.059908,0.060789,0.592707,-0.053861,0.077126,0.645005,-0.040267
L,0.102885,0.809443,0.0,0.204844,0.749773,-0.046386,0.273002,0.632138,-0.058612,0.327399,0.512883,-0.067183,0.375812,0.429838,-0.072545,0.225261,0.502633,-0.009318,0.232274,0.369427,-0.039087,0.230919,0.286677,-0.062189,0.227543,0.203832,-0.080914,0.160568,0.507788,-0.003098,0.165193,0.429296,-0.05388,0.163416,0.557699,-0.072506,0.169769,0.632188,-0.074695,0.096914,0.532309,-0.004281,0.102113,0.462387,-0.063418,0.109786,0.587746,-0.059965,0.121977,0.658447,-0.043194,0.03884,0.568482,-0.008933,0.043686,0.512625,-0.054433,0.058208,0.598751,-0.052028,0.07621,0.653731,-0.040477
L,0.104069,0.820817,0.0,0.206649,0.75571,-0.041187,0.274215,0.630332,-0.052246,0.326771,0.50886,-0.060708,0.378262,0.428723,-0.066395,0.223281,0.504847,-0.009015,0.23055,0.368647,-0.039705,0.229341,0.284216,-0.063238,0.227395,0.202779,-0.082358,0.159773,0.510927,-0.006294,0.166916,0.431712,-0.060751,0.164309,0.558571,-0.080778,0.169427,0.634436,-0.083058,0.096768,0.538143,-0.010018,0.102798,0.464312,-0.071271,0.110889,0.589702,-0.06625,0.121517,0.662433,-0.047652,0.037494,0.577652,-0.016633,0.042407,0.516546,-0.062848,0.057906,0.60345,-0.058152,0.074545,0.659076,-0.044425
L,0.107232,0.819718,0.0,0.213769,0.751786,-0.042275,0.281384,0.632466,-0.054731,0.333568,0.51254,-0.063922,0.381625,0.429918,-0.070363,0.226357,0.504396,-0.013007,0.234279,0.36698,-0.043284,0.232083,0.283657,-0.067593,0.228148,0.202879,-0.087314,0.162847,0.510451,-0.008726,0.171584,0.435892,-0.060482,0.171086,0.563057,-0.080484,0.175818,0.637756,-0.084195,0.099773,0.537745,-0.01051,0.107836,0.46628,-0.067519,0.116965,0.591278,-0.062457,0.127419,0.663838,-0.045629,0.040817,0.577961,-0.015372,0.04709,0.517183,-0.058053,0.06483,0.603063,-0.052727,0.082653,0.658863,-0.039676
L,0.112636,0.820191,0.0,0.22613,0.746468,-0.038311,0.289647,0.628626,-0.046951,0.338968,0.51138,-0.053199,0.386273,0.432432,-0.0564,0.232403,0.506656,-0.002425,0.23841,0.369795,-0.029839,0.236212,0.284849,-0.052938,0.23149,0.203427,-0.072354,0.168607,0.510305,0.00061,0.180365,0.43668,-0.049111,0.179196,0.564823,-0.069452,0.181127,0.641795,-0.073488,0.104847,0.538185,-0.002304,0.116888,0.469135,-0.057346,0.123523,0.593829,-0.050282,0.131074,0.662343,-0.032056,0.042963,0.580128,-0.008234,0.052778,0.516406,-0.048835,0.069605,0.602372,-0.040884,0.08588,0.654661,-0.026151
L,0.120775,0.83923,0.0,0.236394,0.760296,-0.041752,0.302518,0.632881,-0.052638,0.351233,0.510529,-0.060528,0.401163,0.431514,-0.064966,0.24022,0.5101,-0.008533,0.248555,0.369495,-0.04022,0.248185,0.284587,-0.066207,0.246175,0.203895,-0.086988,0.177933,0.515112,-0.005607,0.193364,0.440436,-0.05877,0.189041,0.569526,-0.079449,0.188093,0.644758,-0.082627,0.114823,0.543873,-0.009031,0.127272,0.472481,-0.065914,0.131643,0.596119,-0.057201,0.136954,0.662438,-0.037253,0.052128,0.586232,-0.01589,0.058353,0.520213,-0.055055,0.074788,0.604679,-0.044373,0.089783,0.655536,-0.027685
L,0.145836,0.837178,0.0,0.259692,0.757437,-0.042443,0.32725,0.628773,-0.052583,0.375568,0.508775,-0.058887,0.424875,0.434739,-0.061667,0.258759,0.513282,-0.015115,0.268374,0.369936,-0.046211,0.268908,0.284988,-0.069664,0.267958,0.205742,-0.088291,0.197982,0.51801,-0.011551,0.217617,0.443844,-0.065157,0.212696,0.569132,-0.083195,0.208399,0.643482,-0.083999,0.135971,0.547953,-0.013924,0.151818,0.477548,-0.071632,0.155402,0.598199,-0.061744,0.156648,0.661336,-0.040372,0.072782,0.590392,-0.019469,0.082153,0.525216,-0.058033,0.099983,0.608054,-0.046103,0.111793,0.656003,-0.0286
L,0.163583,0.838203,0.0,0.278671,0.751193,-0.045467,0.341904,0.626699,-0.056111,0.389997,0.512584,-0.062306,0.440689,0.437623,-0.064352,0.272411,0.511329,-0.015888,0.28312,0.367415,-0.047881,0.2863,0.279831,-0.072357,0.285852,0.199262,-0.091325,0.211253,0.516142,-0.011119,0.231587,0.443925,-0.064895,0.227968,0.568948,-0.08304,0.221799,0.642755,-0.083156,0.149676,0.547444,-0.012984,0.167815,0.47804,-0.071795,0.171907,0.600502,-0.062434,0.171369,0.657755,-0.04034,0.085369,0.588148,-0.018304,0.098693,0.522894,-0.056234,0.116422,0.606321,-0.042976,0.125507,0.651681,-0.024124
L,0.171981,0.832911,0.0,0.289922,0.754088,-0.044887,0.356626,0.630543,-0.054815,0.405484,0.515867,-0.060603,0.458176,0.440869,-0.062499,0.284273,0.512791,-0.011405,0.296175,0.369612,-0.03959,0.301418,0.28351,-0.059895,0.300773,0.202951,-0.076068,0.223953,0.51369,-0.00612,0.24908,0.438545,-0.055812,0.243751,0.568427,-0.069581,0.23695,0.640115,-0.066119,0.162643,0.542832,-0.007733,0.186828,0.470249,-0.065084,0.188151,0.597667,-0.052657,0.184923,0.652581,-0.027876,0.0985,0.581589,-0.012716,0.117317,0.515321,-0.05091,0.133131,0.603843,-0.036403,0.139566,0.648037,-0.01616
L,0.185992,0.828214,0.0,0.296691,0.754049,-0.045209,0.365671,0.624958,-0.058623,0.414338,0.506664,-0.068705,0.468297,0.434454,-0.076251,0.295728,0.510982,-0.019635,0.307802,0.368048,-0.050805,0.3136,0.282449,-0.071446,0.31456,0.202957,-0.08782,0.234818,0.513462,-0.016142,0.259533,0.437474,-0.070223,0.255287,0.565773,-0.084011,0.248957,0.637898,-0.080376,0.17346,0.541286,-0.019286,0.197438,0.46703,-0.080379,0.201288,0.592907,-0.068638,0.199255,0.653655,-0.044172,0.108748,0.579408,-0.025634,0.128197,0.514184,-0.068275,0.147495,0.600417,-0.057082,0.156397,0.648837,-0.038875
L,0.194943,0.837815,0.0,0.306877,0.759506,-0.043695,0.37421,0.627957,-0.056848,0.421188,0.508915,-0.067302,0.473974,0.435221,-0.075042,0.305157,0.508085,-0.017578,0.317913,0.36615,-0.053949,0.323527,0.279255,-0.080784,0.325428,0.199504,-0.100867,0.245145,0.511919,-0.01597,0.268785,0.437897,-0.074604,0.265893,0.566558,-0.093621,0.2606,0.64043,-0.09325,0.185069,0.537073,-0.021072,0.205821,0.463412,-0.084755,0.211806,0.589594,-0.075195,0.209947,0.65412,-0.051927,0.121374,0.573358,-0.0295,0.137253,0.510472,-0.072418,0.157001,0.596888,-0.060712,0.164571,0.64902,-0.041863
L,0.206722,0.837494,0.0,0.314044,0.762651,-0.04006,0.382615,0.629572,-0.05348,0.429396,0.509407,-0.065663,0.480478,0.432682,-0.076032,0.312595,0.510359,-0.015492,0.325118,0.367602,-0.050366,0.331116,0.278663,-0.076005,0.334064,0.197963,-0.0957,0.253793,0.515002,-0.01614,0.275971,0.43856,-0.075894,0.274687,0.563013,-0.096471,0.270594,0.637951,-0.097187,0.194521,0.53925,-0.022866,0.215103,0.461739,-0.086064,0.223149,0.584039,-0.078213,0.221728,0.653038,-0.056453,0.13088,0.572598,-0.032591,0.148532,0.512014,-0.076561,0.168303,0.595502,-0.067726,0.176194,0.648549,-0.050853
L,0.215051,0.832317,0.0,0.320104,0.75981,-0.040082,0.390118,0.626686,-0.054945,0.436564,0.508587,-0.068939,0.48765,0.43193,-0.081385,0.320171,0.506968,-0.017822,0.332124,0.367091,-0.053482,0.339176,0.277793,-0.079135,0.342925,0.196835,-0.098759,0.261227,0.51203,-0.019261,0.283903,0.437509,-0.080049,0.283922,0.560295,-0.100756,0.279427,0.635648,-0.101471,0.202015,0.536958,-0.026703,0.223196,0.461278,-0.090961,0.232781,0.582395,-0.084227,0.23176,0.652896,-0.063048,0.139236,0.569778,-0.037062,0.157781,0.513451,-0.082333,0.177266,0.595797,-0.075259,0.184544,0.648196,-0.059568
L,0.217298,0.83467,0.0,0.328605,0.760147,-0.04251,0.397622,0.623781,-0.05573,0.444727,0.502122,-0.066734,0.496489,0.427772,-0.075566,0.325042,0.504832,-0.021339,0.338105,0.361115,-0.057046,0.345058,0.275229,-0.082847,0.349912,0.195708,-0.102684,0.264679,0.510094,-0.020749,0.290208,0.435025,-0.080308,0.287917,0.562201,-0.100554,0.283195,0.636346,-0.101493,0.205943,0.535268,-0.026227,0.228432,0.459683,-0.090012,0.23509,0.583498,-0.08267,0.233505,0.650282,-0.061312,0.143873,0.56916,-0.034819,0.161918,0.510397,-0.079821,0.181051,0.594228,-0.071735,0.188235,0.64635,-0.055408
L,0.220523,0.839014,0.0,0.336977,0.75958,-0.038079,0.403858,0.623024,-0.047507,0.45157,0.50137,-0.055764,0.502471,0.427138,-0.061969,0.330536,0.507093,-0.009117,0.345249,0.361629,-0.041381,0.352864,0.2743,-0.066208,0.358854,0.19511,-0.08558,0.272159,0.512807,-0.009056,0.298453,0.435156,-0.065928,0.295397,0.560969,-0.086835,0.28952,0.636972,-0.088112,0.214538,0.535814,-0.015217,0.239112,0.454621,-0.076543,0.243602,0.580393,-0.06983,0.239339,0.649144,-0.048985,0.15186,0.566578,-0.024293,0.171905,0.501611,-0.067742,0.189883,0.586383,-0.060045,0.196069,0.640476,-0.044046
L,0.235895,0.839001,0.0,0.341969,0.762488,-0.035912,0.410474,0.624585,-0.047321,0.455888,0.502994,-0.059348,0.509793,0.431346,-0.070365,0.340976,0.506596,-0.009483,0.352714,0.365451,-0.04095,0.358685,0.277029,-0.063199,0.361861,0.195072,-0.081369,0.283096,0.514111,-0.013175,0.305006,0.430905,-0.072085,0.305972,0.554407,-0.092582,0.301053,0.629769,-0.093869,0.223965,0.539686,-0.022798,0.243888,0.455247,-0.086524,0.254325,0.577476,-0.079867,0.253101,0.647011,-0.05927,0.159443,0.572429,-0.035032,0.174388,0.500937,-0.080699,0.196468,0.582563,-0.074918,0.205061,0.636813,-0.060878
L,0.243419,0.834324,0.0,0.348362,0.759455,-0.034262,0.417444,0.622475,-0.043618,0.46313,0.504139,-0.053727,0.515055,0.432502,-0.062952,0.346424,0.502064,-0.005584,0.361284,0.362831,-0.035577,0.367189,0.27659,-0.056798,0.369874,0.196865,-0.073776,0.289575,0.508873,-0.009199,0.314768,0.426656,-0.066973,0.314081,0.550454,-0.086655,0.306598,0.626768,-0.086717,0.230839,0.533976,-0.01872,0.255157,0.45181,-0.08147,0.263258,0.574698,-0.074254,0.258148,0.643709,-0.05271,0.165633,0.565225,-0.03069,0.185396,0.493564,-0.075294,0.206503,0.575801,-0.068362,0.212545,0.629845,-0.053084
L,0.255274,0.832819,0.0,0.355214,0.761342,-0.03522,0.424416,0.619677,-0.046711,0.471183,0.502059,-0.058599,0.524071,0.432122,-0.069672,0.353927,0.500012,-0.014443,0.368339,0.36052,-0.044424,0.375426,0.27485,-0.064278,0.378902,0.194914,-0.080636,0.297348,0.505388,-0.018179,0.322441,0.424742,-0.075459,0.322302,0.549006,-0.09207,0.31433,0.62345,-0.090793,0.238685,0.530261,-0.027372,0.263738,0.448545,-0.088791,0.272952,0.57029,-0.078785,0.266917,0.640242,-0.056299,0.174397,0.56326,-0.039246,0.193817,0.49289,-0.083864,0.216766,0.573874,-0.076596,0.223018,0.629069,-0.061493
L,0.258197,0.833612,0.0,0.364636,0.756279,-0.033039,0.432468,0.615142,-0.042876,0.478042,0.498809,-0.05422,0.532551,0.428917,-0.064465,0.361565,0.504273,-0.004477,0.374169,0.368922,-0.036186,0.381974,0.280779,-0.059082,0.385546,0.198365,-0.077657,0.304378,0.509593,-0.010105,0.331597,0.425529,-0.071857,0.332634,0.548606,-0.094068,0.324013,0.626692,-0.095281,0.24609,0.534019,-0.02157,0.272345,0.449505,-0.088344,0.281668,0.572554,-0.08195,0.275906,0.643527,-0.059916,0.182453,0.564366,-0.035341,0.20548,0.496631,-0.083791,0.226254,0.579583,-0.078263,0.230864,0.63396,-0.063292
L,0.264246,0.834005,0.0,0.36601,0.756857,-0.034035,0.434958,0.617012,-0.045916,0.483176,0.502623,-0.058524,0.535642,0.430326,-0.070001,0.366423,0.505824,-0.012789,0.378815,0.368239,-0.044544,0.386773,0.280613,-0.066732,0.390141,0.197667,-0.084861,0.309168,0.511332,-0.01808,0.335771,0.42543,-0.077581,0.337972,0.547652,-0.097116,0.329808,0.62518,-0.09779,0.250821,0.536426,-0.028765,0.276062,0.452271,-0.091399,0.287451,0.571708,-0.082908,0.28209,0.642757,-0.061237,0.189157,0.56901,-0.042065,0.211031,0.500947,-0.086882,0.232084,0.579299,-0.080103,0.235317,0.631743,-0.065483
L,0.26813,0.838718,0.0,0.366904,0.766924,-0.033376,0.435974,0.62336,-0.043679,0.486193,0.507546,-0.054796,0.537812,0.435306,-0.065006,0.365974,0.505647,-0.012941,0.37991,0.363976,-0.041482,0.389218,0.276793,-0.060801,0.395547,0.196606,-0.07715,0.309288,0.510518,-0.017192,0.336169,0.429403,-0.075649,0.33896,0.552236,-0.093551,0.33108,0.631441,-0.092603,0.252055,0.536107,-0.026518,0.276667,0.456044,-0.08743,0.28971,0.574448,-0.07883,0.284867,0.648261,-0.056888,0.191643,0.570647,-0.038435,0.214217,0.503087,-0.083035,0.237264,0.581399,-0.077184,0.241861,0.636997,-0.062768
L,0.269538,0.841904,0.0,0.365449,0.768233,-0.033895,0.434876,0.623208,-0.044999,0.484647,0.507015,-0.056918,0.53876,0.436963,-0.067776,0.365588,0.508412,-0.012641,0.378422,0.367742,-0.041754,0.387402,0.280387,-0.061197,0.393542,0.199184,-0.077675,0.308258,0.513446,-0.017321,0.335778,0.430978,-0.076598,0.338204,0.553654,-0.094689,0.329476,0.631724,-0.093694,0.250602,0.539233,-0.027206,0.275702,0.457922,-0.089236,0.288557,0.576546,-0.080464,0.283303,0.649445,-0.058162,0.190463,0.574025,-0.03966,0.213168,0.505308,-0.084755,0.235841,0.584085,-0.078566,0.239498,0.639021,-0.063871
L,0.261958,0.842759,0.0,0.364439,0.762227,-0.032532,0.4307,0.620194,-0.043568,0.47874,0.503464,-0.056089,0.533319,0.432515,-0.067572,0.363743,0.51158,-0.007482,0.375599,0.371928,-0.039117,0.383738,0.282743,-0.06163,0.388284,0.198947,-0.080184,0.306773,0.517021,-0.01381,0.333028,0.430686,-0.075642,0.333974,0.553995,-0.096787,0.325532,0.633305,-0.097629,0.248427,0.541638,-0.025701,0.272792,0.454936,-0.090166,0.284156,0.575207,-0.082539,0.2799,0.648282,-0.060622,0.185673,0.573739,-0.040092,0.205984,0.502508,-0.086243,0.227943,0.581216,-0.080294,0.23365,0.635345,-0.065723
L,0.259514,0.840822,0.0,0.360127,0.763957,-0.031986,0.427323,0.619577,-0.041819,0.474202,0.500409,-0.053191,0.529153,0.430651,-0.063459,0.359606,0.507267,-0.005325,0.370034,0.367913,-0.035332,0.377167,0.278747,-0.056316,0.381015,0.195035,-0.073878,0.302215,0.512529,-0.011278,0.328887,0.426692,-0.071271,0.330566,0.550035,-0.091174,0.322311,0.627793,-0.091119,0.24399,0.537758,-0.022762,0.268575,0.454231,-0.087342,0.280011,0.575394,-0.07966,0.275028,0.647986,-0.057274,0.182028,0.570357,-0.036558,0.203057,0.501992,-0.083671,0.224585,0.582259,-0.077921,0.229013,0.636104,-0.063069
L,0.259648,0.839029,0.0,0.356114,0.766469,-0.034823,0.424614,0.620987,-0.04662,0.472836,0.50094,-0.059148,0.527459,0.428759,-0.070628,0.356193,0.504059,-0.01222,0.367336,0.364589,-0.0417,0.374329,0.276155,-0.061318,0.37819,0.194326,-0.077874,0.29854,0.50973,-0.016569,0.323,0.426135,-0.075142,0.325839,0.549007,-0.092686,0.318595,0.626287,-0.09151,0.240241,0.536515,-0.026388,0.262758,0.454625,-0.088293,0.277067,0.573618,-0.079253,0.273339,0.646691,-0.056896,0.178928,0.572384,-0.038901,0.199502,0.501256,-0.084119,0.222972,0.580003,-0.078036,0.227874,0.635862,-0.063439
L,0.257842,0.840539,0.0,0.355863,0.768873,-0.031402,0.424526,0.623299,-0.040057,0.47249,0.506247,-0.05041,0.523001,0.433835,-0.060066,0.351754,0.506839,-0.00667,0.364269,0.365513,-0.033625,0.372473,0.27726,-0.051937,0.378577,0.196623,-0.067832,0.294645,0.512383,-0.011922,0.320611,0.430973,-0.071052,0.323872,0.55451,-0.089554,0.315663,0.63316,-0.08827,0.23676,0.538381,-0.022289,0.259831,0.45626,-0.084396,0.274046,0.575639,-0.07637,0.269513,0.65031,-0.054151,0.175307,0.572878,-0.035051,0.19627,0.502581,-0.080626,0.22046,0.581666,-0.075177,0.226273,0.63921,-0.06063
L,0.256665,0.843095,0.0,0.35307,0.772504,-0.032276,0.421537,0.625655,-0.04101,0.469787,0.508456,-0.051056,0.519827,0.434738,-0.060088,0.34611,0.504443,-0.005565,0.359536,0.364262,-0.031858,0.368305,0.277594,-0.049179,0.372982,0.197286,-0.06425,0.289409,0.509587,-0.010058,0.3192,0.431244,-0.068085,0.321727,0.558998,-0.084817,0.311228,0.632016,-0.081906,0.232082,0.53653,-0.0198,0.257673,0.457599,-0.083095,0.271535,0.581544,-0.073503,0.265425,0.650406,-0.049553,0.170865,0.572155,-0.031745,0.193265,0.504412,-0.078677,0.217397,0.58755,-0.07165,0.221188,0.641486,-0.055332
L,0.250312,0.844505,0.0,0.346595,0.770983,-0.032388,0.415604,0.624614,-0.042349,0.462174,0.50399,-0.053631,0.515682,0.43253,-0.064138,0.345599,0.506485,-0.009726,0.356643,0.365566,-0.038836,0.363385,0.277918,-0.058152,0.367737,0.197589,-0.074359,0.287975,0.513142,-0.015148,0.313296,0.429603,-0.074043,0.31599,0.552485,-0.092278,0.308763,0.63051,-0.091404,0.229486,0.540547,-0.025791,0.252555,0.45789,-0.088853,0.266053,0.578436,-0.08074,0.26269,0.653199,-0.058668,0.167503,0.577087,-0.038769,0.186899,0.506696,-0.084952,0.211502,0.586584,-0.079454,0.218284,0.643878,-0.065047
L,0.236326,0.850786,0.0,0.341953,0.768402,-0.03214,0.410056,0.625854,-0.042321,0.454546,0.503186,-0.054466,0.508632,0.430059,-0.065758,0.344083,0.514033,-0.004654,0.35407,0.374946,-0.037216,0.360289,0.28455,-0.061305,0.364166,0.20104,-0.080847,0.284542,0.519939,-0.01138,0.306623,0.433424,-0.074309,0.308083,0.553554,-0.098668,0.301738,0.634658,-0.10179,0.224282,0.546624,-0.023785,0.241877,0.459364,-0.088804,0.255043,0.576788,-0.08566,0.254591,0.653449,-0.067004,0.160027,0.581944,-0.038653,0.174775,0.509876,-0.085216,0.198278,0.586114,-0.082666,0.208912,0.642966,-0.070814
L,0.231776,0.847337,0.0,0.333714,0.769211,-0.034942,0.402298,0.627691,-0.046896,0.446451,0.504107,-0.059614,0.499401,0.428591,-0.07144,0.335965,0.514612,-0.011604,0.345807,0.374892,-0.044344,0.351546,0.285492,-0.067059,0.354468,0.203155,-0.08522,0.276744,0.519782,-0.016638,0.300329,0.434772,-0.077838,0.300281,0.556952,-0.098394,0.292804,0.634718,-0.098895,0.216832,0.546572,-0.027293,0.235962,0.461495,-0.090728,0.248103,0.580938,-0.08373,0.246501,0.654854,-0.062634,0.152701,0.582756,-0.040637,0.167359,0.510182,-0.085629,0.191341,0.587142,-0.080121,0.201299,0.642322,-0.066178
L,0.226913,0.843516,0.0,0.326901,0.76863,-0.035831,0.39473,0.629582,-0.0496,0.438344,0.507684,-0.063845,0.488658,0.429182,-0.077204,0.328802,0.511837,-0.014818,0.338235,0.372714,-0.047439,0.34384,0.285672,-0.06983,0.345267,0.204275,-0.087695,0.269816,0.517193,-0.019624,0.2926,0.434096,-0.079323,0.292861,0.559707,-0.098041,0.286391,0.635125,-0.097509,0.209813,0.543868,-0.030007,0.228878,0.460835,-0.091725,0.24189,0.582137,-0.083079,0.24057,0.653797,-0.061341,0.145604,0.580244,-0.043177,0.159197,0.509719,-0.086781,0.183214,0.587697,-0.07992,0.19246,0.641651,-0.065225
L,0.222391,0.839902,0.0,0.321031,0.771644,-0.037916,0.390586,0.633004,-0.052948,0.433525,0.509775,-0.067871,0.483968,0.431199,-0.081948,0.326733,0.512246,-0.020916,0.336049,0.371577,-0.055269,0.341317,0.283146,-0.077927,0.34388,0.201872,-0.095675,0.266746,0.515024,-0.024539,0.289502,0.434057,-0.085459,0.288673,0.559437,-0.103442,0.282705,0.636391,-0.102274,0.206759,0.540142,-0.033674,0.226362,0.459961,-0.095878,0.23861,0.580688,-0.086656,0.237688,0.654461,-0.064426,0.143011,0.576137,-0.045783,0.158359,0.506569,-0.090395,0.182358,0.585792,-0.08392,0.191985,0.643053,-0.069109
L,0.220769,0.839071,0.0,0.322799,0.765795,-0.037864,0.391183,0.627736,-0.051256,0.435865,0.505669,-0.064345,0.486137,0.428613,-0.07645,0.323802,0.51439,-0.020182,0.335508,0.37203,-0.054335,0.341733,0.284375,-0.077468,0.345364,0.204695,-0.095523,0.265181,0.521208,-0.022761,0.288069,0.440282,-0.083301,0.289231,0.560735,-0.103251,0.285351,0.635911,-0.104146,0.206014,0.546414,-0.030813,0.226218,0.465437,-0.094052,0.23756,0.584647,-0.087113,0.237434,0.656096,-0.066571,0.142929,0.579877,-0.041601,0.159404,0.515198,-0.086219,0.181999,0.592336,-0.0804,0.191424,0.644528,-0.066498
L,0.222115,0.838745,0.0,0.32289,0.767314,-0.03739,0.392253,0.629522,-0.050586,0.435821,0.508358,-0.063914,0.485845,0.43145,-0.076495,0.323581,0.513625,-0.01841,0.334918,0.375044,-0.053054,0.341939,0.2874,-0.076411,0.345876,0.207956,-0.094499,0.264363,0.519528,-0.022028,0.288564,0.438465,-0.084273,0.291664,0.558727,-0.105188,0.287138,0.63595,-0.105965,0.205253,0.545604,-0.031227,0.226425,0.467552,-0.096182,0.239783,0.586017,-0.090305,0.239323,0.65883,-0.069649,0.142398,0.580099,-0.043118,0.160385,0.515482,-0.089079,0.183243,0.592332,-0.084035,0.191603,0.64581,-0.070224
L,0.221909,0.83897,0.0,0.323577,0.766651,-0.037807,0.39197,0.629226,-0.050973,0.435638,0.507283,-0.063756,0.485589,0.430447,-0.075602,0.323471,0.512751,-0.019297,0.33476,0.37163,-0.052625,0.34132,0.284587,-0.075204,0.345455,0.20581,-0.092968,0.264161,0.518595,-0.021951,0.287535,0.438089,-0.081754,0.289698,0.559197,-0.101348,0.285808,0.635786,-0.10187,0.205253,0.544603,-0.0301,0.226379,0.466058,-0.09266,0.23865,0.585674,-0.085836,0.238392,0.657644,-0.065375,0.142759,0.579298,-0.04103,0.159756,0.514906,-0.0854,0.181974,0.592002,-0.079714,0.190814,0.644636,-0.065878
L,0.22215,0.841929,0.0,0.322388,0.770709,-0.035309,0.392215,0.631272,-0.047507,0.434986,0.50956,-0.060474,0.485223,0.432075,-0.072843,0.323293,0.516434,-0.014438,0.333342,0.376539,-0.048298,0.339686,0.287729,-0.071138,0.343222,0.206133,-0.089016,0.265132,0.521892,-0.019182,0.289776,0.439576,-0.081669,0.29197,0.562216,-0.102393,0.28629,0.639665,-0.102546,0.205793,0.547366,-0.029492,0.22761,0.464463,-0.094903,0.240253,0.586471,-0.088845,0.238997,0.661802,-0.067553,0.142017,0.58179,-0.042296,0.158879,0.511584,-0.089367,0.183021,0.591238,-0.084873,0.192567,0.648876,-0.070928
L,0.222423,0.843913,0.0,0.321944,0.771962,-0.034946,0.391462,0.63323,-0.046976,0.434603,0.511879,-0.059775,0.48401,0.432402,-0.071619,0.323926,0.516612,-0.010423,0.332819,0.378392,-0.043182,0.338048,0.289844,-0.065879,0.340223,0.207807,-0.083854,0.265701,0.521527,-0.015255,0.289082,0.43909,-0.076633,0.290734,0.562873,-0.097017,0.284745,0.640176,-0.096868,0.206075,0.546798,-0.025853,0.226807,0.464231,-0.090497,0.239812,0.585993,-0.083796,0.238259,0.660195,-0.062016,0.142254,0.580769,-0.038977,0.158522,0.511338,-0.085816,0.181421,0.592254,-0.080688,0.189605,0.649324,-0.066075
L,0.221304,0.840079,0.0,0.322095,0.768057,-0.035399,0.392017,0.630461,-0.04779,0.43427,0.509561,-0.061078,0.483747,0.431445,-0.073603,0.32226,0.514857,-0.01256,0.332146,0.375931,-0.047184,0.338174,0.287791,-0.070928,0.341635,0.206883,-0.089296,0.263769,0.520724,-0.017536,0.288416,0.438574,-0.081399,0.290992,0.561659,-0.103406,0.286057,0.639629,-0.10397,0.204498,0.546131,-0.028225,0.226077,0.463131,-0.095265,0.239002,0.585835,-0.089979,0.238282,0.661691,-0.068568,0.141122,0.580078,-0.041351,0.158242,0.512161,-0.089519,0.182226,0.592832,-0.085288,0.192045,0.650346,-0.07106
L,0.221713,0.846762,0.0,0.321534,0.77441,-0.034471,0.390496,0.634799,-0.047165,0.433149,0.511225,-0.060451,0.481703,0.431823,-0.072976,0.320967,0.51726,-0.013143,0.330915,0.376983,-0.045014,0.337291,0.289227,-0.067175,0.340895,0.207178,-0.085009,0.263423,0.521607,-0.017772,0.287934,0.439787,-0.077217,0.290131,0.56447,-0.096111,0.284443,0.641189,-0.095397,0.205076,0.546852,-0.027715,0.226812,0.464103,-0.089548,0.239871,0.586212,-0.081327,0.237721,0.660924,-0.059294,0.141889,0.581292,-0.040239,0.158865,0.512166,-0.085133,0.183642,0.593945,-0.078881,0.192722,0.652634,-0.063705
L,0.22406,0.84412,0.0,0.321801,0.778866,-0.038996,0.391816,0.636838,-0.053836,0.433871,0.513332,-0.067992,0.484926,0.436347,-0.081222,0.325865,0.51572,-0.025808,0.333667,0.375913,-0.060968,0.337458,0.287804,-0.084233,0.339054,0.207693,-0.102465,0.265395,0.520193,-0.028644,0.285815,0.442577,-0.090553,0.289519,0.564869,-0.109727,0.285699,0.64469,-0.110035,0.206455,0.546939,-0.036734,0.224787,0.468281,-0.099322,0.238796,0.586459,-0.09102,0.238389,0.663177,-0.069841,0.144537,0.583946,-0.047969,0.159686,0.517154,-0.094093,0.184217,0.59647,-0.089411,0.194344,0.65592,-0.075801
L,0.222467,0.845906,0.0,0.322189,0.77603,-0.036384,0.391772,0.633673,-0.04939,0.433473,0.508945,-0.062425,0.484813,0.432731,-0.074617,0.324517,0.518704,-0.019113,0.332922,0.378492,-0.053224,0.337246,0.289699,-0.076237,0.339276,0.20855,-0.094368,0.264948,0.523633,-0.02296,0.285693,0.44246,-0.084578,0.288622,0.564357,-0.104136,0.283806,0.643714,-0.104227,0.20624,0.550199,-0.03211,0.224707,0.468388,-0.094983,0.238267,0.587707,-0.08672,0.236979,0.663877,-0.065017,0.143773,0.586217,-0.044148,0.159445,0.5173,-0.089883,0.183459,0.596777,-0.084446,0.192692,0.655293,-0.070136
L,0.219343,0.848121,0.0,0.321151,0.774697,-0.037483,0.389978,0.636259,-0.051358,0.433189,0.513701,-0.065307,0.482854,0.435941,-0.078191,0.322029,0.517244,-0.019052,0.331971,0.377111,-0.05507,0.337911,0.288642,-0.080091,0.341306,0.207717,-0.099585,0.262888,0.523315,-0.023164,0.285903,0.441697,-0.087132,0.289211,0.56587,-0.108999,0.285016,0.64539,-0.110401,0.204263,0.55059,-0.032805,0.223104,0.469993,-0.097823,0.237278,0.590931,-0.091409,0.237294,0.666093,-0.070602,0.141631,0.586107,-0.045364,0.156908,0.51957,-0.091781,0.181273,0.598501,-0.086996,0.191657,0.655361,-0.073211
L,0.220332,0.850418,0.0,0.321809,0.777999,-0.03593,0.391221,0.637437,-0.04878,0.433505,0.514436,-0.062335,0.484047,0.437002,-0.075067,0.322405,0.521068,-0.016318,0.331982,0.381255,-0.051192,0.337942,0.292982,-0.074693,0.341308,0.212064,-0.093092,0.263886,0.527702,-0.021364,0.286734,0.444094,-0.084927,0.290049,0.566558,-0.10635,0.285822,0.646157,-0.10713,0.205228,0.554716,-0.031993,0.224641,0.472984,-0.097909,0.238476,0.593913,-0.09213,0.238525,0.670196,-0.071196,0.142609,0.590393,-0.0453,0.158081,0.521722,-0.09282,0.18277,0.600935,-0.088962,0.193434,0.65905,-0.075567
L,0.218459,0.853162,0.0,0.321284,0.77742,-0.034664,0.388285,0.638713,-0.047174,0.434917,0.517407,-0.060261,0.485412,0.440376,-0.072691,0.32335,0.521624,-0.016699,0.334028,0.378826,-0.049481,0.340384,0.291699,-0.072198,0.344842,0.212176,-0.090311,0.264893,0.529414,-0.020683,0.28576,0.447497,-0.079202,0.287889,0.568506,-0.098974,0.285412,0.644858,-0.100367,0.205868,0.556433,-0.029919,0.223395,0.476653,-0.090886,0.236968,0.595033,-0.08475,0.238819,0.667393,-0.065581,0.143391,0.592558,-0.04172,0.157032,0.524515,-0.085114,0.180056,0.602113,-0.080016,0.190621,0.657461,-0.067125
L,0.216669,0.848289,0.0,0.321488,0.77372,-0.03588,0.390183,0.63386,-0.047409,0.43527,0.512493,-0.059551,0.486299,0.435803,-0.070557,0.323382,0.517526,-0.011368,0.333705,0.377737,-0.045792,0.340274,0.289874,-0.071146,0.345349,0.209727,-0.091327,0.264319,0.525216,-0.015852,0.286927,0.44469,-0.078946,0.289215,0.567062,-0.103657,0.286475,0.644952,-0.107244,0.204951,0.552004,-0.026004,0.222971,0.474152,-0.09188,0.235432,0.594857,-0.088873,0.236874,0.667518,-0.070286,0.142027,0.585797,-0.038742,0.155385,0.5228,-0.085927,0.176217,0.602808,-0.082555,0.186367,0.65788,-0.069871
L,0.216484,0.846304,0.0,0.32133,0.773428,-0.036185,0.389974,0.632664,-0.04797,0.435857,0.511432,-0.059958,0.486827,0.435828,-0.07098,0.322076,0.517289,-0.015981,0.332915,0.375378,-0.04971,0.339102,0.287524,-0.073659,0.344018,0.207355,-0.092791,0.263104,0.525052,-0.019718,0.285472,0.44618,-0.080589,0.28784,0.568049,-0.102646,0.284976,0.645019,-0.105089,0.203791,0.552288,-0.028851,0.2224,0.475635,-0.092651,0.235408,0.596052,-0.087715,0.237019,0.668534,-0.068581,0.141529,0.587703,-0.040587,0.155901,0.524229,-0.086279,0.177369,0.60388,-0.081584,0.18688,0.65868,-0.068385
L,0.216666,0.85441,0.0,0.321393,0.777485,-0.035624,0.388429,0.637634,-0.048316,0.434073,0.515316,-0.061367,0.484578,0.437808,-0.073489,0.319913,0.52158,-0.014735,0.331797,0.38099,-0.048231,0.338676,0.293905,-0.072272,0.343133,0.212958,-0.091513,0.261786,0.528947,-0.018884,0.28507,0.447631,-0.079158,0.287702,0.571015,-0.100437,0.284568,0.648043,-0.102193,0.202896,0.555893,-0.028438,0.222458,0.476442,-0.091149,0.235853,0.598262,-0.085035,0.236845,0.671325,-0.0651,0.140016,0.591017,-0.040671,0.155171,0.52527,-0.085461,0.178663,0.605007,-0.080119,0.189263,0.660721,-0.066411
L,0.213679,0.851483,0.0,0.323097,0.774452,-0.036693,0.389228,0.635467,-0.046113,0.435989,0.514613,-0.055113,0.485677,0.43717,-0.062492,0.320313,0.519432,-0.010508,0.331323,0.376924,-0.044186,0.336852,0.290538,-0.069548,0.342937,0.211686,-0.089233,0.261991,0.526763,-0.012464,0.28584,0.448945,-0.072012,0.286468,0.572142,-0.095116,0.283827,0.650722,-0.09786,0.20368,0.553077,-0.020283,0.224402,0.476851,-0.084021,0.234098,0.598505,-0.080628,0.234657,0.669697,-0.061754,0.141692,0.587391,-0.030656,0.158438,0.525617,-0.076034,0.177425,0.606884,-0.070855,0.185622,0.660854,-0.056659
L,0.215626,0.844153,0.0,0.319208,0.774408,-0.037851,0.38909,0.634366,-0.050038,0.435543,0.512826,-0.061985,0.485918,0.434928,-0.073016,0.320571,0.517102,-0.018308,0.331699,0.3747,-0.052016,0.338382,0.286609,-0.075162,0.343209,0.206599,-0.093494,0.261939,0.524532,-0.021035,0.284993,0.445953,-0.081783,0.28727,0.568975,-0.102666,0.283963,0.646452,-0.104053,0.203142,0.551548,-0.029313,0.223551,0.475419,-0.09368,0.236214,0.597054,-0.088233,0.236954,0.669431,-0.068421,0.141276,0.58672,-0.040276,0.158201,0.523885,-0.087076,0.179309,0.605083,-0.08249,0.187558,0.660032,-0.069031
L,0.215493,0.847964,0.0,0.31984,0.777351,-0.036236,0.389836,0.637818,-0.048102,0.434677,0.515866,-0.060257,0.484608,0.438549,-0.071609,0.321025,0.521284,-0.016832,0.331976,0.378498,-0.051023,0.339037,0.290572,-0.074743,0.344024,0.210832,-0.093439,0.262293,0.528497,-0.020603,0.285931,0.447555,-0.082253,0.288346,0.570078,-0.104111,0.284439,0.647521,-0.105999,0.203663,0.554897,-0.029784,0.224308,0.474541,-0.094656,0.236511,0.596721,-0.089302,0.236959,0.670136,-0.069385,0.141668,0.589709,-0.04151,0.1577,0.52516,-0.088662,0.179421,0.606815,-0.084247,0.188738,0.66258,-0.070809
L,0.214707,0.84873,0.0,0.320279,0.774236,-0.034841,0.388655,0.636069,-0.045605,0.434028,0.51573,-0.057143,0.484165,0.439608,-0.067736,0.321019,0.520198,-0.011326,0.331712,0.379732,-0.044592,0.338844,0.293013,-0.068561,0.344764,0.213612,-0.08752,0.263286,0.528368,-0.015365,0.286214,0.449902,-0.076122,0.288305,0.571694,-0.098982,0.284752,0.648708,-0.101571,0.205388,0.555059,-0.02498,0.224521,0.47815,-0.089593,0.236764,0.598715,-0.086137,0.237909,0.671112,-0.067312,0.143784,0.58941,-0.037006,0.159252,0.525268,-0.084007,0.180305,0.606468,-0.080496,0.189691,0.662531,-0.067585
L,0.214212,0.847109,0.0,0.320576,0.773471,-0.037841,0.387265,0.634021,-0.049726,0.433425,0.514308,-0.061661,0.484736,0.438558,-0.072144,0.318671,0.51481,-0.012435,0.330176,0.375014,-0.047536,0.337883,0.28719,-0.072963,0.343661,0.207283,-0.092735,0.260342,0.523202,-0.015583,0.285378,0.447632,-0.07718,0.287563,0.572896,-0.100015,0.284369,0.648392,-0.102211,0.201886,0.551458,-0.024782,0.223874,0.477817,-0.090994,0.236046,0.600325,-0.086833,0.236693,0.668182,-0.067026,0.139379,0.586898,-0.036654,0.157503,0.526814,-0.084254,0.177958,0.609444,-0.079159,0.184993,0.661999,-0.064771
L,0.210803,0.84356,0.0,0.319679,0.772826,-0.039255,0.387824,0.633475,-0.050318,0.434502,0.513058,-0.060726,0.485159,0.436077,-0.069345,0.319877,0.515084,-0.014201,0.33085,0.375084,-0.0514,0.337114,0.287895,-0.078852,0.342979,0.208637,-0.099759,0.260388,0.52234,-0.01645,0.285186,0.446812,-0.080474,0.286016,0.570695,-0.105621,0.283257,0.648523,-0.108913,0.201806,0.549196,-0.024909,0.223091,0.478239,-0.093484,0.233456,0.599753,-0.091717,0.235478,0.668833,-0.072817,0.140739,0.583343,-0.036004,0.158495,0.527354,-0.0854,0.177147,0.609909,-0.08181,0.186014,0.662695,-0.068016
L,0.213118,0.851949,0.0,0.319874,0.775126,-0.03664,0.385806,0.637231,-0.047706,0.431828,0.51664,-0.058889,0.482878,0.44017,-0.068536,0.318515,0.519335,-0.010568,0.329669,0.378817,-0.045616,0.336412,0.291273,-0.07159,0.34245,0.211638,-0.091647,0.260625,0.527168,-0.013903,0.2846,0.448833,-0.075055,0.285577,0.571418,-0.098534,0.282609,0.648378,-0.101366,0.202002,0.554231,-0.023218,0.222161,0.478498,-0.088367,0.233224,0.598176,-0.084884,0.234042,0.668114,-0.065743,0.139518,0.589054,-0.035133,0.155942,0.525992,-0.081227,0.175965,0.605901,-0.076123,0.183724,0.659617,-0.061958
L,0.210991,0.85337,0.0,0.319163,0.78055,-0.040037,0.386763,0.639675,-0.052394,0.435021,0.515374,-0.063294,0.486147,0.436916,-0.072571,0.319007,0.518518,-0.019344,0.331354,0.374651,-0.052632,0.336447,0.288631,-0.076028,0.341387,0.209472,-0.094373,0.260145,0.523889,-0.019631,0.282474,0.445816,-0.076187,0.282282,0.570766,-0.094803,0.280661,0.649432,-0.095309,0.201305,0.550551,-0.025817,0.221299,0.476886,-0.08675,0.231928,0.598452,-0.081085,0.233448,0.671039,-0.061695,0.140417,0.588547,-0.034914,0.156109,0.526723,-0.07855,0.177149,0.607304,-0.072951,0.186772,0.662706,-0.059156
L,0.214646,0.852303,0.0,0.318939,0.777642,-0.037405,0.386385,0.63775,-0.050636,0.432899,0.516667,-0.063728,0.483465,0.439301,-0.075656,0.319738,0.517676,-0.018734,0.33059,0.376353,-0.053481,0.336955,0.289803,-0.077768,0.341679,0.210278,-0.096772,0.260746,0.525833,-0.021827,0.284501,0.447904,-0.081723,0.28625,0.572449,-0.102078,0.283141,0.647917,-0.103533,0.201444,0.553923,-0.030445,0.221311,0.476006,-0.093566,0.234307,0.597379,-0.087392,0.235334,0.66811,-0.067567,0.138976,0.590851,-0.041765,0.15387,0.526477,-0.086598,0.176203,0.606339,-0.080664,0.184957,0.660228,-0.066649
L,0.216679,0.852476,0.0,0.321379,0.776472,-0.034238,0.3896,0.636364,-0.045704,0.435858,0.514596,-0.057743,0.486813,0.438746,-0.068855,0.321625,0.520758,-0.013362,0.333093,0.379263,-0.046101,0.339794,0.292328,-0.069685,0.344192,0.212119,-0.088702,0.2628,0.529189,-0.018007,0.285904,0.447682,-0.077727,0.288472,0.571652,-0.099242,0.285008,0.64856,-0.101393,0.203573,0.557283,-0.027823,0.222958,0.477632,-0.090255,0.235979,0.599724,-0.083926,0.236399,0.671438,-0.064051,0.140957,0.593909,-0.040124,0.156018,0.528953,-0.084234,0.177811,0.609545,-0.077833,0.186133,0.663877,-0.063606
L,0.216255,0.851897,0.0,0.320916,0.775217,-0.035878,0.387901,0.635944,-0.048302,0.434255,0.515822,-0.061114,0.485316,0.439898,-0.072869,0.321688,0.520432,-0.015499,0.332782,0.379437,-0.049796,0.33975,0.292229,-0.074046,0.34517,0.212162,-0.093166,0.263225,0.529228,-0.019556,0.286678,0.449098,-0.080081,0.288408,0.571692,-0.10164,0.28518,0.647987,-0.103671,0.204011,0.557362,-0.029076,0.223764,0.479053,-0.092998,0.23603,0.599234,-0.087526,0.236886,0.669928,-0.067761,0.141491,0.593656,-0.041124,0.15683,0.529181,-0.086475,0.17802,0.608722,-0.080828,0.186066,0.662339,-0.066827
L,0.215418,0.849938,0.0,0.319266,0.775031,-0.037942,0.387204,0.638688,-0.052134,0.432712,0.516051,-0.06633,0.483094,0.437926,-0.079241,0.320957,0.517752,-0.016773,0.331633,0.377831,-0.052567,0.338391,0.289836,-0.078231,0.342759,0.210641,-0.098168,0.261708,0.525793,-0.020234,0.284888,0.446311,-0.083015,0.287238,0.570267,-0.105508,0.28429,0.647621,-0.107599,0.202743,0.55287,-0.029374,0.2219,0.474842,-0.094681,0.2348,0.597145,-0.088604,0.235833,0.670377,-0.068089,0.139942,0.588257,-0.041348,0.155364,0.526896,-0.087855,0.177727,0.608715,-0.082177,0.187886,0.664012,-0.067734
L,0.214923,0.849995,0.0,0.319223,0.778111,-0.037195,0.388814,0.638447,-0.049808,0.433647,0.516019,-0.062532,0.483327,0.4376,-0.074227,0.320099,0.519996,-0.017151,0.33108,0.379476,-0.05205,0.337969,0.291253,-0.076683,0.342801,0.211682,-0.096051,0.260643,0.527609,-0.020615,0.283292,0.448391,-0.083133,0.287197,0.57002,-0.10576,0.284806,0.648081,-0.108173,0.201809,0.55415,-0.02967,0.220871,0.476381,-0.09521,0.235272,0.597331,-0.090613,0.237566,0.671637,-0.071211,0.140178,0.589187,-0.041413,0.156379,0.52814,-0.088928,0.178595,0.609651,-0.085071,0.188897,0.665781,-0.072037
L,0.214788,0.848467,0.0,0.319839,0.775913,-0.037416,0.388125,0.635265,-0.049698,0.434174,0.514492,-0.061912,0.484938,0.438192,-0.073059,0.319412,0.519367,-0.017007,0.331283,0.378155,-0.051483,0.339216,0.290239,-0.076083,0.345392,0.210054,-0.095647,0.260257,0.526797,-0.020433,0.284789,0.449404,-0.082184,0.287783,0.572043,-0.104764,0.284227,0.648547,-0.107374,0.20096,0.554166,-0.029346,0.221829,0.478162,-0.094477,0.234922,0.599256,-0.089671,0.235878,0.670407,-0.070212,0.138963,0.590028,-0.040898,0.155957,0.529248,-0.08777,0.177048,0.609987,-0.082936,0.185037,0.663452,-0.069306
Y,0.300613,0.802247,-0.0,0.383828,0.716048,-0.020417,0.429486,0.583375,-0.018411,0.463579,0.46778,-0.020139,0.490827,0.386749,-0.01599,0.35051,0.504823,0.039225,0.363049,0.419205,0.012488,0.368933,0.47941,-0.006767,0.375981,0.535396,-0.011985,0.303257,0.505294,0.035752,0.319856,0.401553,-0.014013,0.33551,0.488076,-0.047794,0.343532,0.565275,-0.055017,0.252497,0.50643,0.024142,0.260625,0.418616,-0.024502,0.294968,0.499613,-0.047435,0.315905,0.568779,-0.045835,0.199573,0.51132,0.011621,0.180093,0.407349,-0.009189,0.176566,0.342142,-0.021638,0.174881,0.275033,-0.025528
Y,0.295816,0.805159,-0.0,0.380797,0.717641,-0.019938,0.427298,0.583714,-0.016591,0.462066,0.46575,-0.017441,0.488838,0.383159,-0.012639,0.348042,0.507099,0.048085,0.35915,0.418554,0.02247,0.365256,0.475252,0.001078,0.373377,0.533037,-0.005613,0.300255,0.506406,0.045045,0.315726,0.399265,-0.004136,0.330995,0.484056,-0.041354,0.339148,0.565083,-0.05062,0.249011,0.506197,0.033621,0.257703,0.414684,-0.013181,0.289537,0.493581,-0.038205,0.308226,0.565301,-0.037978,0.195651,0.50918,0.021153,0.177039,0.404285,0.002989,0.173227,0.338872,-0.009197,0.171573,0.273967,-0.012997
Y,0.292869,0.801688,-0.0,0.376818,0.717548,-0.023253,0.42485,0.58296,-0.022402,0.458717,0.461905,-0.024597,0.484947,0.375216,-0.02119,0.350527,0.503898,0.034537,0.359551,0.418048,0.008127,0.36243,0.476534,-0.010789,0.369251,0.531895,-0.016559,0.300868,0.5029,0.032032,0.313109,0.399047,-0.017057,0.325378,0.483843,-0.04958,0.333015,0.561171,-0.056641,0.247543,0.503683,0.021216,0.254331,0.415744,-0.027401,0.285901,0.495012,-0.049456,0.306882,0.564928,-0.047847,0.1931,0.508494,0.009139,0.174004,0.406231,-0.013237,0.169557,0.342046,-0.02644,0.168129,0.276231,-0.030978
Y,0.292613,0.803727,-0.0,0.375359,0.716098,-0.021697,0.422612,0.579627,-0.020022,0.456821,0.459654,-0.021925,0.482168,0.373223,-0.018366,0.345881,0.50336,0.039067,0.357009,0.416645,0.012612,0.36291,0.472236,-0.008371,0.37123,0.528416,-0.015688,0.297085,0.5037,0.035762,0.312731,0.398095,-0.013361,0.326428,0.481255,-0.048483,0.333361,0.561236,-0.05748,0.244413,0.505228,0.024145,0.252617,0.410894,-0.023087,0.285034,0.487398,-0.046541,0.305247,0.559018,-0.046438,0.190453,0.510678,0.011178,0.171307,0.407612,-0.010051,0.167252,0.340987,-0.023908,0.165686,0.274799,-0.029394
Y,0.29142,0.8052,-0.0,0.375973,0.717332,-0.021626,0.4231,0.584151,-0.018919,0.457304,0.464562,-0.019916,0.481072,0.376306,-0.015426,0.347004,0.507216,0.045699,0.358224,0.417844,0.021124,0.364076,0.470355,0.000123,0.371729,0.525662,-0.00707,0.297716,0.506522,0.043352,0.313488,0.400032,-0.004902,0.326225,0.480814,-0.042287,0.332224,0.55959,-0.052489,0.244251,0.50666,0.032588,0.251993,0.414137,-0.013723,0.283508,0.487925,-0.039475,0.303318,0.558202,-0.040582,0.189588,0.510153,0.02058,0.171685,0.406026,0.000983,0.166708,0.33919,-0.012625,0.164268,0.274057,-0.017779
Y,0.290799,0.807541,-0.0,0.37589,0.720864,-0.022764,0.42311,0.586247,-0.020724,0.457431,0.466317,-0.021863,0.483053,0.380352,-0.017456,0.347382,0.508904,0.040894,0.35686,0.419573,0.013903,0.362836,0.471929,-0.008158,0.371556,0.528916,-0.015878,0.298789,0.50813,0.038267,0.311684,0.397031,-0.012894,0.326324,0.47944,-0.050763,0.334504,0.561397,-0.060872,0.245954,0.508595,0.027244,0.252663,0.41295,-0.021584,0.285533,0.489448,-0.047751,0.30597,0.562348,-0.048694,0.191388,0.512295,0.014932,0.172152,0.406489,-0.006233,0.167867,0.339485,-0.020836,0.166563,0.274003,-0.026666
Y,0.291056,0.808229,-0.0,0.377562,0.719648,-0.022046,0.424053,0.585742,-0.019145,0.458912,0.467768,-0.019564,0.484417,0.383551,-0.0142,0.351145,0.510868,0.045364,0.360829,0.420179,0.017552,0.365245,0.47263,-0.006894,0.371134,0.533182,-0.015839,0.30213,0.510014,0.043191,0.31772,0.400369,-0.007035,0.332175,0.482092,-0.046743,0.339439,0.56508,-0.058407,0.248809,0.510144,0.032359,0.256005,0.413175,-0.01474,0.288217,0.48606,-0.042557,0.308311,0.55716,-0.045366,0.193595,0.512727,0.020241,0.174967,0.40988,0.000756,0.17071,0.345648,-0.013937,0.169821,0.282765,-0.020226
Y,0.291908,0.809992,-0.0,0.380379,0.71889,-0.021784,0.425002,0.58953,-0.018587,0.45921,0.472336,-0.019486,0.483534,0.385593,-0.01474,0.352916,0.513674,0.053997,0.360918,0.424496,0.023613,0.364721,0.472883,-0.004619,0.371095,0.531734,-0.015223,0.303153,0.511235,0.051825,0.319185,0.400188,-0.002226,0.331488,0.481396,-0.0466,0.337898,0.564959,-0.059863,0.24983,0.510484,0.040644,0.25585,0.412865,-0.008952,0.284311,0.486252,-0.038463,0.302061,0.558038,-0.040507,0.193762,0.511682,0.028196,0.178466,0.406512,0.009846,0.174098,0.342152,-0.003296,0.172951,0.280039,-0.00759
Y,0.29007,0.812217,-0.0,0.376791,0.724961,-0.02155,0.424009,0.592189,-0.018992,0.458248,0.47163,-0.020328,0.48347,0.386398,-0.015828,0.350612,0.514091,0.049007,0.360839,0.423531,0.021564,0.362633,0.475716,-0.00261,0.36666,0.533563,-0.011392,0.301385,0.509394,0.046839,0.318364,0.397639,-0.003685,0.327925,0.48172,-0.042602,0.331321,0.564609,-0.052841,0.248718,0.507185,0.036057,0.257247,0.405796,-0.010569,0.284454,0.484015,-0.034715,0.300098,0.557874,-0.034192,0.193891,0.508723,0.023808,0.179425,0.405981,0.005048,0.176703,0.342692,-0.007445,0.176572,0.279197,-0.011444
Y,0.28792,0.81405,-0.0,0.37516,0.724839,-0.022085,0.42285,0.592005,-0.019206,0.458186,0.473294,-0.020291,0.482176,0.387911,-0.015421,0.350049,0.514878,0.051627,0.360184,0.423992,0.022271,0.361725,0.474468,-0.004132,0.365358,0.534472,-0.013572,0.300717,0.510436,0.049676,0.318344,0.398299,-0.002538,0.327709,0.481041,-0.0436,0.331472,0.565032,-0.054561,0.247688,0.508329,0.038724,0.256536,0.408263,-0.008971,0.283241,0.483675,-0.034824,0.298741,0.557117,-0.034767,0.192468,0.50938,0.026238,0.179048,0.405275,0.008006,0.176211,0.340466,-0.004289,0.175943,0.276842,-0.007892
Y,0.286036,0.814559,-0.0,0.373733,0.724777,-0.023479,0.420619,0.590217,-0.021051,0.455082,0.468913,-0.021905,0.479997,0.383555,-0.016829,0.351243,0.517042,0.049125,0.358928,0.427455,0.019566,0.360013,0.477622,-0.007117,0.363647,0.536677,-0.016904,0.301148,0.511753,0.047863,0.317929,0.398917,-0.003651,0.328459,0.478343,-0.044789,0.333629,0.560658,-0.056447,0.246949,0.508943,0.037515,0.254881,0.410527,-0.010283,0.282512,0.483565,-0.037441,0.299287,0.555673,-0.038653,0.190858,0.509325,0.025621,0.176777,0.404511,0.00721,0.173373,0.339965,-0.005714,0.173711,0.277274,-0.010081
Y,0.286694,0.815919,-0.0,0.374797,0.725309,-0.022031,0.421871,0.590763,-0.018099,0.455867,0.469866,-0.01816,0.479323,0.383654,-0.01245,0.349444,0.516478,0.054769,0.358688,0.426672,0.026949,0.360014,0.476013,0.001137,0.363419,0.533974,-0.008357,0.300028,0.511574,0.052768,0.316687,0.396607,0.002033,0.327151,0.475357,-0.039732,0.332167,0.557158,-0.05166,0.246228,0.509737,0.041592,0.253958,0.410948,-0.006565,0.28166,0.4851,-0.034459,0.298577,0.557309,-0.035773,0.190507,0.511066,0.029007,0.176995,0.406854,0.00987,0.172901,0.342304,-0.003562,0.172244,0.278794,-0.008069
Y,0.289391,0.811996,-0.0,0.375738,0.723752,-0.021254,0.4229,0.59053,-0.018115,0.457009,0.470276,-0.01888,0.480777,0.384407,-0.014153,0.351344,0.514588,0.049339,0.360754,0.423887,0.022846,0.363233,0.470936,-0.000912,0.368217,0.527511,-0.009449,0.301034,0.510702,0.047219,0.317077,0.400244,-0.00224,0.327454,0.48249,-0.040798,0.332701,0.566046,-0.050943,0.246967,0.509337,0.036513,0.253803,0.409584,-0.008972,0.281561,0.483251,-0.033427,0.298945,0.556036,-0.033399,0.191126,0.51217,0.024301,0.177434,0.407928,0.006593,0.173802,0.342874,-0.005339,0.172861,0.27927,-0.00912
Y,0.289747,0.814672,-0.0,0.374776,0.726282,-0.022379,0.421879,0.590824,-0.020055,0.456041,0.470053,-0.020887,0.479916,0.384625,-0.015813,0.353324,0.514374,0.042287,0.362752,0.4227,0.01502,0.363964,0.472739,-0.007759,0.368176,0.530148,-0.015673,0.303167,0.509873,0.040462,0.318433,0.399496,-0.008929,0.328481,0.482832,-0.045521,0.333803,0.564667,-0.054786,0.249023,0.508255,0.030174,0.255956,0.407756,-0.015867,0.283763,0.48468,-0.039392,0.301158,0.557825,-0.039137,0.193273,0.511089,0.018357,0.177405,0.406543,-0.000853,0.17327,0.342011,-0.013713,0.172714,0.277134,-0.018296
Y,0.289412,0.816226,-0.0,0.376228,0.726761,-0.022119,0.423115,0.592852,-0.020174,0.457495,0.473524,-0.021576,0.480614,0.386967,-0.017132,0.353339,0.513875,0.043919,0.361895,0.421419,0.014277,0.363471,0.47334,-0.011302,0.367478,0.533685,-0.020266,0.303171,0.510207,0.041718,0.318404,0.397482,-0.009374,0.329032,0.48051,-0.04806,0.33447,0.562917,-0.058118,0.248904,0.509565,0.030982,0.255874,0.40871,-0.015548,0.283756,0.484047,-0.039755,0.300862,0.556236,-0.039407,0.192902,0.512965,0.01873,0.177745,0.406453,0.000643,0.174452,0.341791,-0.010925,0.17405,0.277852,-0.014321
Y,0.288467,0.821387,-0.0,0.374875,0.733658,-0.026292,0.422729,0.597141,-0.025959,0.456979,0.474244,-0.028283,0.481933,0.38552,-0.02474,0.354191,0.516126,0.04066,0.361162,0.423402,0.010294,0.363052,0.473459,-0.01632,0.367186,0.532222,-0.02686,0.30312,0.512084,0.039864,0.318421,0.400908,-0.01163,0.329972,0.480683,-0.051492,0.335177,0.563131,-0.063522,0.248013,0.511539,0.030117,0.25457,0.407987,-0.017205,0.282544,0.480225,-0.042983,0.299745,0.554491,-0.044607,0.192316,0.515703,0.018339,0.178598,0.411487,-0.002008,0.175384,0.347013,-0.016135,0.175844,0.285871,-0.021784
Y,0.287008,0.819308,-0.0,0.372984,0.734438,-0.029099,0.421336,0.597177,-0.030833,0.453655,0.471682,-0.034167,0.480208,0.382932,-0.031472,0.357297,0.515195,0.029474,0.36464,0.424344,-0.001724,0.363656,0.475207,-0.026977,0.367077,0.531787,-0.037371,0.304881,0.510572,0.0294,0.318675,0.403059,-0.022079,0.32821,0.482461,-0.05841,0.333421,0.562721,-0.069118,0.24906,0.510176,0.020499,0.253998,0.406287,-0.026957,0.280682,0.478759,-0.050002,0.299172,0.552786,-0.050921,0.19359,0.515678,0.009186,0.178167,0.412571,-0.013291,0.17484,0.348936,-0.0282,0.176881,0.288167,-0.034833
Y,0.284666,0.817384,-0.0,0.370535,0.731066,-0.028224,0.420509,0.592359,-0.028371,0.451955,0.467789,-0.030368,0.475964,0.3789,-0.026311,0.354076,0.513187,0.033449,0.363357,0.420814,0.002559,0.362135,0.469876,-0.02252,0.36471,0.526601,-0.032406,0.301964,0.507884,0.033463,0.317305,0.397746,-0.017765,0.325123,0.475616,-0.054553,0.329569,0.555646,-0.064977,0.246455,0.507206,0.024469,0.253731,0.403744,-0.022997,0.279026,0.475475,-0.046859,0.296532,0.549055,-0.047743,0.191538,0.512371,0.013159,0.178415,0.410632,-0.009065,0.174562,0.347215,-0.024191,0.175726,0.286747,-0.030681
Y,0.283339,0.816157,-0.0,0.369341,0.728958,-0.026062,0.417791,0.593876,-0.02551,0.45038,0.471478,-0.027646,0.47177,0.382217,-0.023195,0.354327,0.513283,0.038974,0.36579,0.419379,0.006748,0.361139,0.47315,-0.019504,0.360032,0.53279,-0.029194,0.301666,0.507736,0.038577,0.315959,0.397106,-0.012946,0.319349,0.478597,-0.04931,0.321329,0.556949,-0.058642,0.246198,0.507052,0.02891,0.253907,0.403118,-0.017379,0.274499,0.476598,-0.038532,0.288202,0.549422,-0.037106,0.191041,0.511807,0.016807,0.179536,0.411163,-0.003621,0.174863,0.348293,-0.016542,0.174642,0.286517,-0.020944
Y,0.282557,0.816114,-0.0,0.369707,0.728512,-0.025935,0.417879,0.595264,-0.02515,0.448402,0.47051,-0.02725,0.470032,0.379271,-0.023055,0.352488,0.514801,0.040691,0.364326,0.41973,0.0078,0.361859,0.468562,-0.019255,0.363521,0.527418,-0.029644,0.300776,0.508836,0.040336,0.317211,0.398284,-0.012638,0.320635,0.478516,-0.050313,0.322729,0.559064,-0.06037,0.245737,0.507242,0.030614,0.254504,0.400942,-0.017436,0.274213,0.475969,-0.039369,0.287981,0.552236,-0.038,0.190452,0.511637,0.018522,0.178308,0.411506,-0.003257,0.17348,0.347698,-0.017216,0.173991,0.285584,-0.022138
Y,0.284067,0.813767,-0.0,0.369772,0.728152,-0.026889,0.41894,0.594514,-0.026937,0.451186,0.471919,-0.029406,0.472031,0.381836,-0.025569,0.356273,0.512458,0.036011,0.366644,0.419723,0.002762,0.362745,0.470652,-0.023505,0.362798,0.530249,-0.033161,0.303697,0.506491,0.035648,0.318103,0.396494,-0.017134,0.321092,0.477358,-0.053169,0.323018,0.556605,-0.061984,0.248029,0.505865,0.026013,0.255592,0.403663,-0.022261,0.275944,0.478291,-0.043396,0.289962,0.551975,-0.041426,0.192328,0.511368,0.014021,0.181192,0.411368,-0.008302,0.176457,0.348222,-0.021714,0.176134,0.285558,-0.026089
Y,0.285944,0.817683,-0.0,0.37243,0.731435,-0.029885,0.420997,0.596944,-0.032177,0.450813,0.470943,-0.03622,0.475425,0.378987,-0.034011,0.356657,0.511649,0.031443,0.366711,0.422918,-0.002458,0.362691,0.477565,-0.02967,0.362193,0.536656,-0.04063,0.303896,0.505978,0.031778,0.3195,0.400693,-0.020979,0.324373,0.482932,-0.05754,0.325892,0.563119,-0.067805,0.248453,0.505589,0.022772,0.255749,0.401381,-0.026255,0.277532,0.477992,-0.047835,0.292081,0.553023,-0.046828,0.193348,0.511739,0.011214,0.179716,0.411116,-0.012368,0.176378,0.349948,-0.026567,0.178031,0.289464,-0.031912
Y,0.286155,0.81925,-0.0,0.372474,0.734822,-0.030056,0.423224,0.600472,-0.03163,0.454568,0.476187,-0.034753,0.476536,0.383086,-0.031535,0.358696,0.512963,0.031207,0.368412,0.423324,-0.001697,0.364924,0.478189,-0.028127,0.365465,0.537187,-0.038455,0.306791,0.508273,0.031883,0.320902,0.402315,-0.019207,0.327102,0.482618,-0.055097,0.329785,0.562163,-0.065348,0.251763,0.508091,0.02319,0.259078,0.405565,-0.024257,0.280691,0.483931,-0.045635,0.294828,0.5603,-0.044891,0.196879,0.514311,0.011827,0.18321,0.414414,-0.010599,0.180465,0.352176,-0.024785,0.182863,0.290881,-0.030413
Y,0.286758,0.819992,-0.0,0.372642,0.736966,-0.031665,0.423232,0.602623,-0.034609,0.454862,0.476875,-0.038447,0.477379,0.383477,-0.035831,0.360703,0.513988,0.026903,0.369862,0.424456,-0.006565,0.364905,0.4805,-0.033095,0.364138,0.540087,-0.043505,0.307775,0.508531,0.02821,0.322472,0.402252,-0.023151,0.327385,0.483786,-0.058467,0.329137,0.563484,-0.068293,0.251902,0.508272,0.020276,0.258403,0.40507,-0.026985,0.280565,0.482214,-0.047848,0.295761,0.55768,-0.047007,0.195992,0.514778,0.009634,0.181677,0.413971,-0.012529,0.178577,0.352249,-0.026135,0.181032,0.291027,-0.031473
Y,0.289544,0.82461,-0.0,0.374189,0.739021,-0.030174,0.422772,0.601278,-0.032017,0.452285,0.472502,-0.035312,0.47612,0.379405,-0.032661,0.356881,0.516492,0.030926,0.365128,0.42352,-0.000394,0.365938,0.472618,-0.0259,0.370181,0.528672,-0.036263,0.304813,0.511356,0.03153,0.319985,0.402301,-0.019187,0.329316,0.481959,-0.055757,0.334069,0.562268,-0.066528,0.249408,0.511423,0.02309,0.257366,0.40669,-0.024734,0.282894,0.482135,-0.047631,0.299584,0.557607,-0.04797,0.193616,0.517805,0.012229,0.178835,0.415668,-0.010838,0.175186,0.351784,-0.025788,0.176459,0.289825,-0.032027
Y,0.291268,0.823898,-0.0,0.374549,0.735294,-0.030129,0.420856,0.599826,-0.031781,0.448344,0.472462,-0.034761,0.47052,0.38076,-0.032003,0.352224,0.515533,0.029563,0.357002,0.421793,-0.003529,0.363747,0.469775,-0.030294,0.373876,0.528807,-0.040925,0.301033,0.513918,0.029563,0.314415,0.401123,-0.024321,0.329739,0.481443,-0.063019,0.339708,0.565606,-0.074296,0.246039,0.516147,0.02055,0.251982,0.411933,-0.030506,0.284048,0.483889,-0.056727,0.306087,0.558862,-0.058217,0.189155,0.524506,0.009398,0.171059,0.418861,-0.015131,0.166616,0.351998,-0.031608,0.166931,0.288718,-0.03862
Y,0.291312,0.821608,-0.0,0.374859,0.731571,-0.029019,0.418341,0.595367,-0.0303,0.445616,0.470575,-0.033253,0.466886,0.377936,-0.030161,0.345724,0.512086,0.031966,0.35414,0.420649,-0.002278,0.364599,0.475294,-0.030268,0.377726,0.538001,-0.04148,0.296884,0.512714,0.03104,0.310577,0.400202,-0.024188,0.330169,0.480382,-0.065092,0.344295,0.562739,-0.077952,0.242985,0.51593,0.020911,0.249904,0.414233,-0.031378,0.287378,0.484665,-0.060454,0.313583,0.557112,-0.063907,0.186967,0.524571,0.008855,0.167026,0.419156,-0.016123,0.161789,0.349971,-0.034191,0.161532,0.28433,-0.0427
Y,0.294503,0.820343,-0.0,0.377425,0.72541,-0.025919,0.418254,0.585473,-0.026831,0.442833,0.461342,-0.030169,0.461318,0.368521,-0.027873,0.340514,0.506445,0.032139,0.350178,0.418563,-0.002559,0.36271,0.473163,-0.030529,0.377203,0.536022,-0.041402,0.291881,0.508222,0.029407,0.308144,0.398388,-0.027248,0.327967,0.481127,-0.067442,0.34036,0.567718,-0.078724,0.238575,0.511417,0.017817,0.246651,0.409878,-0.034236,0.285843,0.48031,-0.061389,0.311747,0.553621,-0.062988,0.182497,0.519785,0.004504,0.160951,0.412566,-0.019185,0.155825,0.342691,-0.035424,0.15414,0.275587,-0.042393
Y,0.298769,0.820505,-0.0,0.378791,0.722592,-0.023361,0.417815,0.578667,-0.023811,0.44138,0.456332,-0.027506,0.45943,0.365011,-0.025501,0.336719,0.503455,0.031515,0.347483,0.421017,-0.004314,0.360839,0.484045,-0.031469,0.375946,0.548065,-0.041066,0.289993,0.506015,0.026825,0.307341,0.397497,-0.029926,0.32915,0.484914,-0.066882,0.343848,0.570792,-0.075442,0.238034,0.511025,0.013313,0.247233,0.41382,-0.0401,0.287441,0.489362,-0.064059,0.31332,0.562269,-0.062429,0.18264,0.52147,-0.001721,0.161149,0.413235,-0.026026,0.157762,0.3416,-0.040406,0.157281,0.271914,-0.045511
Y,0.302888,0.821984,-0.0,0.378545,0.722858,-0.023256,0.414963,0.576881,-0.025197,0.437072,0.457487,-0.030426,0.455338,0.367366,-0.029756,0.329,0.50322,0.023489,0.341383,0.422687,-0.013546,0.359664,0.489127,-0.038483,0.376873,0.552775,-0.045827,0.284631,0.508333,0.017172,0.30337,0.401093,-0.039044,0.332233,0.483913,-0.073133,0.351951,0.563713,-0.080213,0.235006,0.515758,0.002178,0.247416,0.42504,-0.052578,0.294466,0.498977,-0.075429,0.324453,0.56897,-0.072856,0.181147,0.528846,-0.014253,0.15802,0.417966,-0.040003,0.152193,0.344507,-0.05394,0.148647,0.27318,-0.058643
Y,0.307377,0.826056,-0.0,0.380171,0.70943,-0.014827,0.406655,0.563659,-0.013987,0.425591,0.44748,-0.019467,0.44302,0.358701,-0.019197,0.314936,0.501094,0.042864,0.324325,0.416931,0.001671,0.352992,0.482124,-0.031449,0.378309,0.549416,-0.04301,0.273347,0.51099,0.032251,0.292493,0.405335,-0.030659,0.33123,0.49169,-0.074185,0.355743,0.578032,-0.085157,0.227412,0.5204,0.012788,0.240877,0.423621,-0.044098,0.293575,0.493692,-0.071145,0.324995,0.564725,-0.069318,0.175288,0.532457,-0.007656,0.152582,0.41693,-0.030581,0.146427,0.339957,-0.043269,0.141405,0.269445,-0.046172
Y,0.30916,0.828391,-0.0,0.376451,0.710033,-0.011619,0.399734,0.559436,-0.010275,0.418689,0.442428,-0.016084,0.43864,0.355592,-0.016581,0.303168,0.499013,0.043178,0.307882,0.40974,0.006426,0.342615,0.471115,-0.022624,0.372812,0.536512,-0.032241,0.263219,0.510792,0.030574,0.284136,0.406571,-0.027788,0.329061,0.492325,-0.068295,0.355624,0.57763,-0.078395,0.219116,0.521325,0.009701,0.235777,0.421732,-0.043296,0.292414,0.490485,-0.06773,0.324212,0.561546,-0.065527,0.168654,0.536366,-0.011933,0.14161,0.419861,-0.033059,0.13611,0.341478,-0.044365,0.130881,0.270253,-0.0468
Y,0.304089,0.829016,-0.0,0.373977,0.708631,-0.012875,0.398658,0.556618,-0.010938,0.41622,0.43735,-0.015787,0.433754,0.347252,-0.014885,0.302157,0.492044,0.043714,0.308212,0.402832,0.006487,0.341592,0.467239,-0.021915,0.370498,0.534121,-0.030629,0.260611,0.506556,0.031942,0.279044,0.399302,-0.027683,0.32397,0.483807,-0.069386,0.350929,0.569534,-0.079926,0.214942,0.519594,0.011685,0.230441,0.423689,-0.043776,0.287643,0.495966,-0.070359,0.319955,0.568428,-0.068744,0.164409,0.53582,-0.009178,0.137136,0.419975,-0.031957,0.129943,0.342188,-0.04486,0.122663,0.270018,-0.048084
Y,0.299457,0.825966,-0.0,0.36894,0.708161,-0.015803,0.39435,0.554764,-0.01496,0.411147,0.435057,-0.019761,0.427306,0.344514,-0.018401,0.30024,0.489738,0.035223,0.306498,0.403195,-0.00327,0.338597,0.468582,-0.031127,0.368659,0.535013,-0.040012,0.258483,0.504788,0.024367,0.276602,0.398617,-0.036713,0.321094,0.483074,-0.07723,0.34878,0.567316,-0.0877,0.211775,0.518721,0.004927,0.22575,0.421387,-0.052461,0.284461,0.493933,-0.079487,0.31867,0.566257,-0.07896,0.160442,0.535815,-0.015348,0.13009,0.422613,-0.041297,0.122641,0.344671,-0.057318,0.116725,0.270476,-0.063329
Y,0.295449,0.82616,-0.0,0.366682,0.710041,-0.019437,0.393065,0.556241,-0.019181,0.410114,0.434926,-0.023813,0.424436,0.342193,-0.02224,0.297189,0.491355,0.033567,0.302294,0.403856,-0.004454,0.334823,0.464632,-0.032395,0.366017,0.529582,-0.041451,0.25571,0.505138,0.024229,0.272543,0.396268,-0.036619,0.318444,0.476322,-0.078384,0.348352,0.559985,-0.089845,0.208356,0.517893,0.006115,0.221918,0.421907,-0.052286,0.280736,0.493659,-0.081038,0.314806,0.565953,-0.081327,0.155689,0.533958,-0.013054,0.126091,0.419358,-0.039687,0.117699,0.340374,-0.056193,0.110307,0.265849,-0.062456
Y,0.294473,0.821422,-0.0,0.36653,0.707606,-0.018988,0.395131,0.554884,-0.018995,0.413481,0.434443,-0.023814,0.428693,0.34395,-0.02256,0.30053,0.488171,0.028897,0.306791,0.402259,-0.009778,0.336753,0.467884,-0.036715,0.36585,0.532405,-0.045203,0.257357,0.501056,0.019604,0.27248,0.392958,-0.040278,0.313978,0.473152,-0.078444,0.341809,0.554275,-0.088033,0.208578,0.513082,0.00173,0.219353,0.417915,-0.055457,0.274808,0.491982,-0.080395,0.308849,0.563991,-0.078867,0.155208,0.529347,-0.017406,0.125338,0.418939,-0.043938,0.117988,0.342467,-0.059286,0.112982,0.269037,-0.064978
Y,0.283749,0.822912,-0.0,0.365374,0.716368,-0.023974,0.402235,0.573754,-0.025125,0.422585,0.450154,-0.029736,0.44083,0.357659,-0.028307,0.308357,0.496335,0.033175,0.315661,0.404661,-0.003363,0.338962,0.46091,-0.031991,0.362388,0.525173,-0.042952,0.264071,0.504145,0.027467,0.279836,0.388754,-0.032178,0.312894,0.471361,-0.07433,0.33337,0.559366,-0.086741,0.214285,0.510511,0.012868,0.225563,0.406026,-0.043998,0.273618,0.481652,-0.072124,0.3016,0.558217,-0.072946,0.159542,0.521861,-0.003195,0.134048,0.411594,-0.030141,0.128915,0.337725,-0.04732,0.125049,0.267606,-0.054326
Y,0.277815,0.813225,-0.0,0.362485,0.714875,-0.016943,0.406708,0.580578,-0.012282,0.435709,0.459977,-0.012784,0.45379,0.368947,-0.008323,0.321509,0.50183,0.051891,0.331981,0.407944,0.024659,0.345463,0.458318,0.000681,0.357329,0.519928,-0.007614,0.275209,0.503244,0.045921,0.290213,0.387173,-0.003051,0.309841,0.463672,-0.042735,0.318917,0.546642,-0.054582,0.223772,0.50594,0.031372,0.233411,0.404835,-0.016101,0.270041,0.480019,-0.042743,0.291373,0.555159,-0.044245,0.168406,0.514316,0.015768,0.147967,0.405871,-0.004738,0.143933,0.334424,-0.019074,0.142011,0.266642,-0.024789
Y,0.270221,0.80948,-0.0,0.361274,0.715798,-0.018827,0.409203,0.586701,-0.013035,0.441279,0.466502,-0.012394,0.461065,0.376773,-0.005807,0.33642,0.510219,0.060069,0.349417,0.414399,0.029845,0.351639,0.463842,0.001322,0.355008,0.525931,-0.009832,0.285641,0.506538,0.056156,0.3014,0.389599,0.003431,0.311879,0.467756,-0.040809,0.317783,0.54997,-0.054952,0.230774,0.504873,0.04271,0.239384,0.400674,-0.006086,0.266343,0.47368,-0.0353,0.28425,0.548505,-0.038136,0.174357,0.508367,0.027663,0.162485,0.405407,0.006987,0.158505,0.336366,-0.009403,0.159479,0.269962,-0.016462
Y,0.267625,0.80626,-0.0,0.357265,0.721787,-0.025567,0.409335,0.590893,-0.024669,0.439916,0.467504,-0.02651,0.462155,0.379241,-0.022201,0.340114,0.506094,0.034774,0.353849,0.413683,0.003136,0.350134,0.467746,-0.021012,0.349191,0.528077,-0.029717,0.289009,0.499583,0.033235,0.304948,0.387638,-0.017493,0.310019,0.46772,-0.052303,0.312852,0.546165,-0.061467,0.234347,0.497257,0.022658,0.243591,0.392215,-0.026365,0.265336,0.471884,-0.047744,0.279987,0.547844,-0.046407,0.178264,0.501565,0.010002,0.165166,0.40047,-0.014403,0.16176,0.336127,-0.029339,0.163203,0.271652,-0.035204
Y,0.261474,0.80469,-0.0,0.351908,0.716565,-0.023612,0.403575,0.587017,-0.021496,0.433979,0.466019,-0.02317,0.456097,0.377465,-0.018858,0.337021,0.502054,0.043056,0.34876,0.411854,0.010647,0.345679,0.462645,-0.015981,0.345273,0.521278,-0.026199,0.285134,0.496118,0.04078,0.300432,0.389196,-0.010854,0.3038,0.468732,-0.047787,0.305684,0.546254,-0.057992,0.230112,0.494135,0.029111,0.237894,0.39141,-0.020014,0.257344,0.468931,-0.041484,0.271589,0.544384,-0.039786,0.173885,0.498773,0.015284,0.163818,0.400097,-0.00802,0.159312,0.33747,-0.021443,0.159473,0.275624,-0.025901
Y,0.255283,0.801123,-0.0,0.344162,0.715891,-0.021493,0.39532,0.58878,-0.018704,0.426509,0.467185,-0.019749,0.446464,0.375612,-0.014891,0.327607,0.503598,0.045176,0.343178,0.409806,0.017175,0.340507,0.459776,-0.006078,0.337128,0.517963,-0.014198,0.276472,0.497687,0.04319,0.292777,0.390358,-0.003564,0.295893,0.469909,-0.038331,0.294672,0.545769,-0.047771,0.222462,0.496753,0.032384,0.231196,0.395086,-0.011885,0.251095,0.469748,-0.032194,0.262821,0.541446,-0.030938,0.16834,0.502618,0.01969,0.157833,0.402903,-0.001049,0.154478,0.338057,-0.013902,0.153944,0.273432,-0.018439
Y,0.247851,0.811339,-0.0,0.336146,0.726197,-0.023792,0.387478,0.596002,-0.022468,0.419643,0.471819,-0.024387,0.440923,0.38068,-0.019871,0.32405,0.50899,0.040971,0.338959,0.414833,0.009593,0.33194,0.467173,-0.015604,0.327296,0.525403,-0.024404,0.271587,0.501578,0.039991,0.289214,0.392266,-0.00795,0.28871,0.471471,-0.041368,0.286698,0.547006,-0.049602,0.217368,0.49975,0.029833,0.227106,0.396061,-0.01411,0.243726,0.472327,-0.031895,0.254863,0.54658,-0.02879,0.163577,0.505177,0.017314,0.153767,0.404427,-0.001878,0.150734,0.339463,-0.013092,0.151877,0.274714,-0.016429
Y,0.243049,0.81792,-0.0,0.334289,0.736057,-0.027476,0.387517,0.602683,-0.026443,0.417394,0.473011,-0.027939,0.438159,0.378535,-0.022741,0.324719,0.517249,0.039826,0.339176,0.422144,0.007059,0.331165,0.472565,-0.019726,0.327013,0.530523,-0.029832,0.271433,0.507567,0.040604,0.288003,0.396392,-0.008461,0.286589,0.471453,-0.042996,0.285033,0.548236,-0.052159,0.216986,0.503365,0.031546,0.225406,0.394733,-0.013028,0.240442,0.469844,-0.031648,0.252096,0.546444,-0.029228,0.162684,0.506913,0.019599,0.154396,0.406453,-0.000447,0.149257,0.342263,-0.012966,0.149278,0.279841,-0.017407
Y,0.246442,0.820096,-0.0,0.337224,0.735217,-0.022334,0.387696,0.602738,-0.019169,0.417868,0.475741,-0.020037,0.438042,0.380994,-0.01455,0.325824,0.519602,0.051858,0.341721,0.424292,0.021943,0.333721,0.475561,-0.004572,0.326638,0.534974,-0.014101,0.27325,0.510927,0.051155,0.289374,0.40102,0.004259,0.287726,0.476451,-0.032029,0.283399,0.553151,-0.042063,0.218832,0.506807,0.040832,0.227077,0.402571,-0.000688,0.242539,0.477387,-0.020041,0.252298,0.553251,-0.018104,0.165098,0.509488,0.028099,0.15708,0.409076,0.012325,0.153674,0.345969,0.002083,0.153992,0.285322,-0.000854
Y,0.246276,0.821645,-0.0,0.338188,0.736618,-0.023796,0.389626,0.604134,-0.021588,0.419164,0.475338,-0.023049,0.438944,0.381054,-0.017915,0.328617,0.522224,0.047878,0.344592,0.425531,0.016387,0.33542,0.477477,-0.010449,0.328613,0.53805,-0.020366,0.274692,0.51398,0.047404,0.291439,0.403964,-0.002298,0.28932,0.480745,-0.038794,0.285396,0.559191,-0.048534,0.219495,0.510065,0.037271,0.227489,0.404377,-0.006138,0.243169,0.478463,-0.025689,0.253985,0.554035,-0.023758,0.165178,0.512833,0.024552,0.158254,0.415498,0.00686,0.155253,0.352534,-0.004797,0.15646,0.290997,-0.00866
Y,0.242068,0.826514,-0.0,0.333124,0.747425,-0.027117,0.388301,0.61237,-0.025605,0.419035,0.48194,-0.026739,0.438531,0.385577,-0.021442,0.328959,0.527001,0.039636,0.343127,0.430307,0.006983,0.333486,0.477374,-0.019013,0.328345,0.536235,-0.028295,0.274977,0.516376,0.040024,0.291093,0.403737,-0.009406,0.286964,0.477286,-0.043512,0.284765,0.554712,-0.05171,0.219638,0.511347,0.030609,0.227054,0.406078,-0.014426,0.240067,0.481231,-0.03305,0.251751,0.557247,-0.030095,0.164598,0.513914,0.018434,0.157261,0.415168,-0.001303,0.152316,0.352184,-0.013055,0.152996,0.290953,-0.016675
Y,0.244512,0.826646,-0.0,0.333734,0.744575,-0.027804,0.385206,0.611648,-0.029028,0.415366,0.482015,-0.03288,0.436223,0.385588,-0.029915,0.326116,0.521496,0.035614,0.339633,0.424303,0.001368,0.330238,0.479471,-0.026066,0.322542,0.540955,-0.036258,0.270653,0.512499,0.035934,0.284683,0.403454,-0.014103,0.283109,0.482959,-0.048314,0.27926,0.559467,-0.057253,0.214245,0.509039,0.02673,0.220675,0.401525,-0.018027,0.23563,0.4782,-0.034904,0.245645,0.553493,-0.031512,0.159563,0.513055,0.014653,0.151216,0.414008,-0.005506,0.148108,0.351509,-0.016458,0.148675,0.28894,-0.019557
Y,0.243351,0.827343,-0.0,0.334133,0.743119,-0.025904,0.386854,0.609388,-0.024541,0.415126,0.480099,-0.026558,0.432689,0.38455,-0.022397,0.323493,0.524247,0.041183,0.335793,0.427326,0.007929,0.326199,0.473605,-0.01975,0.320051,0.532536,-0.030612,0.26927,0.515827,0.040263,0.284089,0.404608,-0.010477,0.281551,0.477342,-0.04664,0.278227,0.555817,-0.056713,0.213524,0.512377,0.029633,0.219997,0.402798,-0.016258,0.233798,0.475831,-0.035865,0.2447,0.553567,-0.033986,0.158172,0.51674,0.016141,0.14794,0.41729,-0.00536,0.142124,0.352605,-0.018753,0.141522,0.290906,-0.023688
Y,0.244145,0.824556,-0.0,0.333293,0.741657,-0.026878,0.385148,0.610114,-0.027513,0.413778,0.480906,-0.031209,0.433925,0.384384,-0.02835,0.325249,0.522371,0.036236,0.338618,0.423787,0.000478,0.328522,0.474959,-0.027822,0.321128,0.53681,-0.03845,0.270078,0.51322,0.03552,0.283293,0.401376,-0.015889,0.2799,0.476688,-0.050739,0.276447,0.553328,-0.060019,0.213681,0.509693,0.025118,0.219185,0.400914,-0.02128,0.231576,0.47696,-0.038661,0.241907,0.553791,-0.035283,0.158782,0.514417,0.011813,0.148696,0.416199,-0.009924,0.143409,0.353076,-0.021967,0.14323,0.290695,-0.02575
Y,0.246501,0.826492,-0.0,0.334837,0.741988,-0.02751,0.386132,0.609106,-0.028954,0.414239,0.479923,-0.033305,0.434329,0.383805,-0.031007,0.323684,0.517639,0.033605,0.336336,0.420822,-0.00159,0.327385,0.476856,-0.029302,0.320112,0.539575,-0.039844,0.268895,0.510187,0.032968,0.28113,0.400963,-0.018059,0.280314,0.480026,-0.052505,0.277344,0.556486,-0.06188,0.212708,0.508408,0.022912,0.217399,0.398681,-0.023131,0.232264,0.476858,-0.039738,0.24253,0.553991,-0.036213,0.157687,0.5149,0.009929,0.14726,0.416781,-0.01205,0.142895,0.354352,-0.023784,0.142609,0.29216,-0.027405
Y,0.244522,0.835995,-0.0,0.334457,0.748769,-0.028271,0.386403,0.615124,-0.029015,0.414513,0.484579,-0.0328,0.435134,0.388109,-0.029956,0.322064,0.524244,0.038893,0.336124,0.426773,0.003785,0.32799,0.480845,-0.024964,0.320967,0.543781,-0.03582,0.26736,0.516863,0.03851,0.281301,0.404423,-0.012706,0.280759,0.48248,-0.048992,0.278197,0.561195,-0.059056,0.211173,0.515304,0.028165,0.218243,0.405866,-0.018589,0.233092,0.481795,-0.037509,0.243026,0.559088,-0.034866,0.155357,0.521312,0.014857,0.144906,0.421934,-0.006491,0.140703,0.357698,-0.018652,0.140795,0.295443,-0.022506
Y,0.24475,0.839101,-0.0,0.333446,0.753857,-0.029376,0.386601,0.619115,-0.030252,0.414371,0.489067,-0.03382,0.433389,0.392414,-0.030633,0.321633,0.523752,0.036901,0.332541,0.428721,0.002224,0.325367,0.485106,-0.025822,0.320912,0.547378,-0.036632,0.267593,0.51669,0.036656,0.28022,0.4046,-0.014599,0.281357,0.485387,-0.050271,0.280972,0.564465,-0.059929,0.211735,0.51598,0.026449,0.218026,0.40673,-0.021459,0.234441,0.486016,-0.04059,0.245581,0.563864,-0.037813,0.156224,0.523746,0.013269,0.145738,0.42423,-0.009887,0.141109,0.360505,-0.023034,0.140369,0.297461,-0.027376
Y,0.24501,0.839583,-0.0,0.333181,0.754983,-0.031553,0.386903,0.619751,-0.033696,0.414316,0.489038,-0.037975,0.432677,0.391804,-0.035395,0.32176,0.522564,0.031273,0.333559,0.4275,-0.005171,0.32587,0.486258,-0.033511,0.320607,0.550313,-0.04416,0.266923,0.516753,0.031636,0.281539,0.404262,-0.020664,0.282506,0.485734,-0.056348,0.281197,0.565121,-0.066122,0.210666,0.517192,0.022048,0.217672,0.407176,-0.027001,0.234949,0.488128,-0.046522,0.246453,0.567531,-0.043999,0.154626,0.526292,0.009401,0.142986,0.425738,-0.014723,0.138082,0.361884,-0.028605,0.137292,0.298641,-0.033538
Y,0.246851,0.840863,-0.0,0.33513,0.753273,-0.030793,0.388021,0.618288,-0.033088,0.415048,0.487607,-0.037898,0.433974,0.390211,-0.036212,0.319775,0.520948,0.032791,0.330892,0.424875,-0.003827,0.327358,0.482304,-0.032637,0.324254,0.546912,-0.043557,0.265728,0.515615,0.032544,0.278887,0.401817,-0.0204,0.283019,0.485269,-0.056686,0.28306,0.566686,-0.066684,0.210039,0.51684,0.022374,0.217849,0.405633,-0.027561,0.23583,0.486891,-0.047124,0.246324,0.56623,-0.044337,0.153709,0.526779,0.009258,0.141364,0.425953,-0.015569,0.137386,0.361579,-0.029453,0.136265,0.297923,-0.034144
Y,0.251868,0.838895,-0.0,0.33941,0.750083,-0.028957,0.389374,0.615062,-0.030439,0.415185,0.482795,-0.034583,0.435064,0.38634,-0.032372,0.320585,0.519346,0.033008,0.332369,0.422822,0.000545,0.331555,0.477403,-0.024068,0.330631,0.537957,-0.0331,0.266693,0.515031,0.032558,0.279425,0.406385,-0.018845,0.285329,0.491186,-0.052799,0.285703,0.570113,-0.061389,0.211278,0.51676,0.022746,0.217203,0.40859,-0.026407,0.237621,0.490048,-0.044471,0.249702,0.566669,-0.040856,0.155367,0.525924,0.010301,0.14129,0.42511,-0.014619,0.138738,0.359888,-0.028134,0.139427,0.293531,-0.032557
Y,0.251777,0.840972,-0.0,0.338476,0.754752,-0.031747,0.39034,0.620839,-0.035135,0.417406,0.491493,-0.040738,0.435918,0.393358,-0.039582,0.325053,0.52114,0.027953,0.337389,0.423514,-0.010024,0.333716,0.481519,-0.03851,0.331059,0.547087,-0.049195,0.27041,0.516216,0.027517,0.283782,0.402887,-0.026847,0.287596,0.487904,-0.06208,0.288694,0.568627,-0.071478,0.213575,0.518301,0.017146,0.220355,0.405923,-0.034393,0.239331,0.488423,-0.05313,0.252055,0.567385,-0.049892,0.156764,0.529774,0.003739,0.142633,0.427455,-0.023046,0.137847,0.361351,-0.037661,0.13703,0.295174,-0.042931
Y,0.255498,0.83747,-0.0,0.34426,0.750353,-0.030472,0.396497,0.61628,-0.03322,0.42286,0.486014,-0.038339,0.442141,0.3876,-0.037036,0.328504,0.518519,0.030179,0.338773,0.421555,-0.006035,0.33901,0.478272,-0.034079,0.339194,0.542142,-0.044778,0.274284,0.515217,0.029578,0.28614,0.406118,-0.024264,0.293986,0.489634,-0.060731,0.295709,0.569309,-0.071012,0.21767,0.516945,0.019373,0.222501,0.406467,-0.031356,0.244683,0.486096,-0.051254,0.258211,0.563431,-0.048842,0.160588,0.526175,0.006373,0.148165,0.422396,-0.019527,0.144513,0.35612,-0.033582,0.143393,0.290866,-0.038303
Y,0.259073,0.835175,-0.0,0.347616,0.750972,-0.028752,0.39959,0.616023,-0.030716,0.427421,0.485241,-0.035101,0.446361,0.387016,-0.032998,0.333676,0.521347,0.028948,0.346207,0.423139,-0.004911,0.343599,0.481489,-0.030206,0.342052,0.544285,-0.039646,0.278417,0.516164,0.028199,0.290893,0.407551,-0.022946,0.296541,0.492804,-0.056138,0.298264,0.570928,-0.064783,0.221659,0.517544,0.018181,0.227051,0.40785,-0.029632,0.249175,0.488318,-0.046827,0.264153,0.563627,-0.043809,0.165064,0.527486,0.005418,0.150538,0.42743,-0.019526,0.146569,0.361595,-0.033383,0.146767,0.293922,-0.038575
Y,0.260112,0.840034,-0.0,0.348733,0.754993,-0.030313,0.40079,0.618525,-0.033535,0.427085,0.486125,-0.038849,0.447346,0.386971,-0.037616,0.332589,0.523538,0.026148,0.343907,0.424069,-0.008974,0.342598,0.483409,-0.035138,0.34258,0.546734,-0.045276,0.27773,0.519507,0.02564,0.291089,0.408498,-0.02755,0.297511,0.492899,-0.061979,0.298957,0.572823,-0.071235,0.221168,0.520707,0.015865,0.226084,0.407506,-0.033476,0.249058,0.48703,-0.051784,0.264419,0.563774,-0.049213,0.164821,0.529743,0.003301,0.151168,0.427789,-0.022654,0.147213,0.36118,-0.037301,0.146936,0.294254,-0.042955
Y,0.261842,0.837614,-0.0,0.350412,0.752214,-0.029409,0.403165,0.614719,-0.031019,0.429964,0.481982,-0.034803,0.449321,0.384097,-0.032167,0.331997,0.520728,0.029723,0.344456,0.421792,-0.002626,0.343376,0.478568,-0.027253,0.343255,0.540196,-0.036367,0.277476,0.516759,0.029638,0.292455,0.406897,-0.021288,0.299268,0.489531,-0.055569,0.300487,0.568654,-0.064688,0.221449,0.517426,0.020452,0.228009,0.408288,-0.027394,0.251171,0.487303,-0.046679,0.265571,0.563688,-0.044568,0.165517,0.525368,0.008674,0.152031,0.42219,-0.015418,0.148205,0.356159,-0.029354,0.147509,0.290915,-0.034498
Y,0.263557,0.83706,-0.0,0.351827,0.752831,-0.027488,0.405293,0.614992,-0.029058,0.43515,0.484167,-0.03315,0.452434,0.385121,-0.030792,0.33633,0.520483,0.0252,0.352127,0.420113,-0.007763,0.347757,0.480804,-0.030365,0.344579,0.544573,-0.037811,0.281558,0.515448,0.023502,0.295697,0.402314,-0.027955,0.300296,0.487334,-0.059259,0.301795,0.567652,-0.066066,0.224758,0.516912,0.012945,0.231296,0.406949,-0.035036,0.254451,0.487386,-0.052036,0.270186,0.563486,-0.04852,0.167934,0.526425,-0.000131,0.153624,0.424463,-0.025504,0.149743,0.357246,-0.039975,0.149924,0.289384,-0.045522
Y,0.270721,0.832056,-0.0,0.358535,0.747188,-0.026988,0.411006,0.614608,-0.027971,0.440558,0.483027,-0.031855,0.456875,0.382911,-0.029608,0.336873,0.52326,0.032864,0.352982,0.422568,0.001833,0.351773,0.478314,-0.021427,0.349649,0.542043,-0.02932,0.283778,0.518253,0.031349,0.29755,0.401702,-0.018761,0.304232,0.483961,-0.052656,0.305596,0.565636,-0.061297,0.228788,0.517896,0.02081,0.235912,0.407359,-0.026564,0.258872,0.486904,-0.045726,0.272472,0.564209,-0.04332,0.173016,0.524758,0.007873,0.158064,0.420873,-0.015747,0.154056,0.353206,-0.029724,0.152725,0.287218,-0.034936
Y,0.273778,0.836472,-0.0,0.363546,0.752575,-0.029826,0.418098,0.614238,-0.03072,0.443752,0.481241,-0.033661,0.461634,0.383011,-0.030016,0.347296,0.519866,0.030212,0.362431,0.420099,-0.004353,0.360974,0.47793,-0.030022,0.360617,0.54372,-0.039123,0.292564,0.515712,0.029885,0.306096,0.400211,-0.022463,0.313792,0.482908,-0.057297,0.318318,0.564629,-0.066568,0.235799,0.516685,0.019949,0.243976,0.406297,-0.02973,0.268611,0.48652,-0.050204,0.284911,0.564924,-0.048559,0.178622,0.52532,0.007335,0.164156,0.421494,-0.01828,0.159912,0.353582,-0.033978,0.159975,0.286881,-0.040456
Y,0.276429,0.841674,-0.0,0.365238,0.759688,-0.031892,0.420228,0.614953,-0.033394,0.447175,0.479494,-0.035884,0.465989,0.380537,-0.031721,0.349463,0.524288,0.025001,0.359961,0.425337,-0.008775,0.361609,0.481142,-0.033758,0.366638,0.544415,-0.043188,0.295443,0.519618,0.02554,0.308565,0.402282,-0.026515,0.319496,0.484388,-0.061078,0.327044,0.567294,-0.070436,0.239139,0.519604,0.016641,0.246995,0.408023,-0.03301,0.27422,0.489496,-0.054144,0.292935,0.568938,-0.053173,0.182131,0.527976,0.005016,0.168776,0.422408,-0.021007,0.16405,0.353633,-0.037628,0.163822,0.285714,-0.044963
Y,0.281267,0.842066,-0.0,0.36861,0.760959,-0.030605,0.423819,0.617841,-0.032077,0.452167,0.483624,-0.034638,0.471491,0.386165,-0.031065,0.355265,0.525351,0.02269,0.366712,0.427982,-0.008614,0.36863,0.478808,-0.030603,0.373476,0.536636,-0.038499,0.301454,0.51904,0.022457,0.315424,0.402694,-0.027893,0.324395,0.485597,-0.059742,0.330624,0.56555,-0.067133,0.245391,0.519479,0.013456,0.253698,0.41227,-0.035704,0.278722,0.493884,-0.054533,0.295099,0.569549,-0.051815,0.187944,0.528889,0.001995,0.173379,0.422249,-0.024246,0.168785,0.354381,-0.03907,0.167757,0.285657,-0.044715
Y,0.287722,0.84167,-0.0,0.374262,0.756639,-0.027893,0.427248,0.616211,-0.028635,0.455757,0.485256,-0.031418,0.473403,0.388594,-0.028255,0.357871,0.526032,0.026898,0.369582,0.428596,-0.004681,0.370635,0.479593,-0.027681,0.375473,0.537684,-0.03621,0.304597,0.520267,0.025199,0.318239,0.403006,-0.026255,0.327395,0.485326,-0.059225,0.334651,0.566016,-0.067111,0.248351,0.520377,0.014775,0.255346,0.410906,-0.034573,0.281518,0.491362,-0.054164,0.299831,0.567738,-0.051842,0.190733,0.529309,0.00199,0.17545,0.42337,-0.02371,0.170955,0.35467,-0.038815,0.170527,0.285987,-0.044849
Y,0.293891,0.838367,-0.0,0.378881,0.75305,-0.027898,0.431626,0.615032,-0.029274,0.460159,0.485476,-0.032833,0.477567,0.387911,-0.030419,0.357301,0.524192,0.026818,0.372756,0.427979,-0.004948,0.375076,0.481741,-0.027798,0.378493,0.541137,-0.035805,0.305269,0.519136,0.025174,0.321705,0.403469,-0.026072,0.331154,0.48735,-0.058901,0.336019,0.569235,-0.066552,0.250372,0.518889,0.014756,0.2583,0.410176,-0.033792,0.28606,0.490755,-0.053244,0.304274,0.56747,-0.050926,0.193694,0.527198,0.002001,0.178364,0.422204,-0.022747,0.174118,0.353668,-0.037463,0.172797,0.285506,-0.043348
Y,0.295701,0.839301,-0.0,0.381224,0.756031,-0.027677,0.435283,0.616548,-0.029187,0.46336,0.486967,-0.032855,0.480737,0.389215,-0.030823,0.362274,0.523913,0.023328,0.377558,0.428229,-0.00867,0.380522,0.48047,-0.031531,0.38527,0.539638,-0.040068,0.309666,0.518597,0.021374,0.326673,0.406167,-0.030506,0.335797,0.492074,-0.062484,0.340632,0.575356,-0.069857,0.254226,0.518195,0.010912,0.262145,0.406431,-0.037568,0.288791,0.48783,-0.055262,0.306708,0.565849,-0.052289,0.19678,0.527776,-0.002012,0.180687,0.423016,-0.027642,0.176646,0.354919,-0.042416,0.175921,0.28692,-0.048483
Y,0.296829,0.841741,-0.0,0.383066,0.760308,-0.031886,0.436553,0.615332,-0.033967,0.464139,0.482577,-0.036832,0.482572,0.38545,-0.033193,0.365327,0.521843,0.021339,0.376382,0.425733,-0.011899,0.379878,0.482169,-0.03574,0.386901,0.543344,-0.044473,0.311592,0.518508,0.021506,0.326184,0.402825,-0.030885,0.338978,0.485095,-0.06439,0.348837,0.565743,-0.072517,0.255488,0.52044,0.012706,0.262857,0.412443,-0.037433,0.292935,0.490772,-0.05814,0.314073,0.565658,-0.056408,0.199225,0.530451,0.00135,0.184561,0.422873,-0.024652,0.180635,0.354546,-0.039982,0.180793,0.28666,-0.046112
Y,0.300582,0.840049,-0.0,0.387192,0.758068,-0.031595,0.439602,0.615275,-0.033983,0.465884,0.482656,-0.037302,0.484178,0.385422,-0.034255,0.367656,0.522278,0.021316,0.377811,0.427112,-0.012354,0.383132,0.482905,-0.036705,0.3916,0.5433,-0.045984,0.314429,0.518431,0.021169,0.327344,0.402732,-0.032319,0.341681,0.486105,-0.066679,0.352092,0.567143,-0.075399,0.258733,0.519482,0.012137,0.264991,0.409772,-0.039129,0.295951,0.489238,-0.060282,0.317313,0.564924,-0.058722,0.202258,0.528859,0.000632,0.186735,0.421425,-0.026521,0.182977,0.352356,-0.042691,0.183174,0.283115,-0.049318
Y,0.300419,0.838929,-0.0,0.388069,0.756765,-0.0309,0.440536,0.616335,-0.032852,0.467076,0.48472,-0.036237,0.484942,0.387371,-0.033098,0.371516,0.524614,0.024909,0.383533,0.427304,-0.009815,0.385026,0.481731,-0.035349,0.391033,0.542905,-0.045023,0.317847,0.519641,0.024363,0.331482,0.402185,-0.029726,0.342506,0.483005,-0.064845,0.351425,0.56416,-0.073908,0.261075,0.519281,0.014533,0.268477,0.407616,-0.036876,0.296292,0.48824,-0.057927,0.316331,0.56699,-0.056103,0.203233,0.526995,0.002121,0.188101,0.420737,-0.024368,0.183806,0.352691,-0.040347,0.184822,0.284959,-0.046854
Y,0.300673,0.842461,-0.0,0.387603,0.759824,-0.030972,0.440109,0.617638,-0.033397,0.466755,0.485835,-0.037081,0.484745,0.388136,-0.034211,0.37233,0.524006,0.023158,0.384204,0.425841,-0.011926,0.385231,0.480795,-0.037661,0.390242,0.54326,-0.047229,0.3184,0.518993,0.022777,0.331659,0.402257,-0.031065,0.342055,0.483781,-0.065737,0.350509,0.565795,-0.074416,0.261626,0.518972,0.013254,0.268902,0.407705,-0.037014,0.296711,0.487832,-0.057263,0.316756,0.566532,-0.055147,0.204057,0.527378,0.001089,0.188534,0.42008,-0.024241,0.184011,0.352165,-0.039319,0.1847,0.284867,-0.045269
Y,0.303335,0.841712,-0.0,0.388663,0.757825,-0.032246,0.440158,0.61444,-0.035685,0.46683,0.482168,-0.040028,0.484514,0.384629,-0.03765,0.370818,0.522963,0.019148,0.381878,0.424833,-0.01506,0.384084,0.483272,-0.039359,0.389419,0.545219,-0.048439,0.317431,0.51817,0.019116,0.331139,0.402372,-0.034401,0.343303,0.486354,-0.06815,0.351836,0.567163,-0.076563,0.261123,0.518833,0.010191,0.268032,0.407124,-0.040094,0.297242,0.487182,-0.060062,0.317033,0.563524,-0.058202,0.203893,0.528106,-0.001435,0.187501,0.421348,-0.027953,0.183279,0.35274,-0.043753,0.183337,0.28348,-0.050382
Y,0.303882,0.840692,-0.0,0.390165,0.756703,-0.031183,0.441215,0.615722,-0.034368,0.467207,0.485143,-0.038804,0.485087,0.38795,-0.036886,0.372578,0.523392,0.02069,0.383929,0.426189,-0.01477,0.386257,0.480571,-0.040592,0.391851,0.542483,-0.05037,0.319545,0.5186,0.019834,0.332778,0.402969,-0.034351,0.345206,0.481512,-0.069545,0.354465,0.561704,-0.078978,0.263011,0.518507,0.009971,0.268181,0.409331,-0.041045,0.298632,0.486316,-0.062707,0.320841,0.56293,-0.061833,0.20545,0.526485,-0.002452,0.189392,0.419224,-0.028912,0.184155,0.350397,-0.044938,0.183784,0.282633,-0.051733
Y,0.304955,0.841605,-0.0,0.391201,0.75696,-0.030971,0.441487,0.617076,-0.034238,0.467513,0.4863,-0.038756,0.485417,0.388269,-0.036863,0.373487,0.523771,0.021344,0.384256,0.425012,-0.014162,0.387172,0.480128,-0.040024,0.39311,0.54246,-0.049625,0.320317,0.519398,0.020673,0.332419,0.402332,-0.033453,0.344964,0.483969,-0.068449,0.354666,0.565157,-0.077578,0.263747,0.520205,0.01101,0.270087,0.409307,-0.039803,0.300094,0.487789,-0.060765,0.321428,0.56483,-0.059251,0.205965,0.528901,-0.001199,0.189496,0.420128,-0.027227,0.184544,0.350567,-0.042762,0.184236,0.28206,-0.049073
Y,0.304165,0.842911,-0.0,0.390144,0.760833,-0.03113,0.441213,0.619741,-0.033382,0.466867,0.488155,-0.036429,0.485448,0.391193,-0.033257,0.37297,0.525779,0.021346,0.382614,0.429942,-0.012237,0.38681,0.482431,-0.03674,0.395229,0.542708,-0.046023,0.319713,0.520673,0.020961,0.332223,0.403923,-0.0316,0.345145,0.485237,-0.065594,0.355625,0.566733,-0.074327,0.263224,0.521055,0.011637,0.27063,0.412411,-0.038821,0.300836,0.491609,-0.060176,0.322716,0.568666,-0.05912,0.20523,0.530241,-0.00011,0.187792,0.422252,-0.026161,0.183649,0.353499,-0.04211,0.184937,0.285715,-0.048935
Y,0.304876,0.842911,-0.0,0.391598,0.759565,-0.031299,0.443167,0.616899,-0.033745,0.469402,0.485612,-0.037343,0.485652,0.387218,-0.034754,0.373084,0.526336,0.021869,0.380892,0.429365,-0.013371,0.386237,0.47799,-0.039697,0.396753,0.537018,-0.0503,0.319316,0.521402,0.021003,0.331957,0.405628,-0.034056,0.346256,0.486399,-0.069824,0.357935,0.569812,-0.079424,0.262606,0.521198,0.011069,0.268184,0.409694,-0.040606,0.297578,0.48956,-0.061815,0.319709,0.568976,-0.060361,0.204355,0.530061,-0.001526,0.186752,0.423122,-0.028024,0.182628,0.353964,-0.044047,0.184842,0.286331,-0.050791
Y,0.305406,0.845346,-0.0,0.391881,0.760947,-0.030636,0.442773,0.618126,-0.032908,0.469157,0.487219,-0.036302,0.484642,0.388359,-0.033573,0.374063,0.524823,0.020949,0.381817,0.428503,-0.014125,0.387012,0.477735,-0.040224,0.396855,0.537187,-0.05072,0.320444,0.519852,0.020076,0.332824,0.406288,-0.034433,0.346509,0.488313,-0.069527,0.357489,0.571467,-0.079085,0.263934,0.520153,0.010321,0.269666,0.408366,-0.040563,0.298262,0.48901,-0.060932,0.319461,0.569065,-0.059433,0.205385,0.530058,-0.00207,0.186928,0.423053,-0.028376,0.182745,0.354093,-0.04426,0.185097,0.286676,-0.051079
Y,0.305331,0.842794,-0.0,0.392501,0.758677,-0.031743,0.443973,0.616829,-0.034344,0.469716,0.485519,-0.037758,0.484755,0.386866,-0.03491,0.371698,0.524445,0.020643,0.379868,0.429653,-0.014613,0.386225,0.481043,-0.040987,0.397147,0.541084,-0.05159,0.318878,0.520176,0.020233,0.331571,0.405937,-0.034507,0.347023,0.487508,-0.070136,0.35917,0.570578,-0.07987,0.263109,0.520236,0.010798,0.26956,0.410296,-0.040563,0.300369,0.489935,-0.061924,0.322699,0.568618,-0.060795,0.205268,0.529282,-0.001302,0.18702,0.422514,-0.027621,0.183106,0.353612,-0.043788,0.185075,0.286108,-0.050733
Y,0.308339,0.842463,-0.0,0.395882,0.757534,-0.032075,0.446448,0.616405,-0.035315,0.471603,0.484871,-0.039538,0.489744,0.388843,-0.037475,0.37629,0.525005,0.018737,0.385324,0.430879,-0.0168,0.38988,0.485527,-0.042228,0.398116,0.546494,-0.051939,0.323026,0.52164,0.017896,0.335646,0.406296,-0.037571,0.350702,0.486373,-0.072919,0.361561,0.567146,-0.08226,0.266372,0.522492,0.008099,0.271173,0.414117,-0.045141,0.302612,0.491889,-0.067551,0.324886,0.568035,-0.066594,0.208013,0.53055,-0.004169,0.190719,0.422666,-0.032161,0.186488,0.353941,-0.048737,0.187147,0.28619,-0.055657
Y,0.311562,0.844702,-0.0,0.397915,0.756649,-0.02967,0.446813,0.617239,-0.032713,0.471704,0.487288,-0.03759,0.489798,0.390725,-0.036133,0.374817,0.526231,0.02381,0.385668,0.429287,-0.011783,0.39183,0.485184,-0.038155,0.400197,0.546951,-0.048506,0.322606,0.52314,0.021987,0.335555,0.406667,-0.033563,0.351281,0.488928,-0.070023,0.361846,0.570911,-0.080152,0.267181,0.524536,0.011223,0.274102,0.412867,-0.040804,0.306318,0.491322,-0.062654,0.327713,0.568438,-0.061695,0.210145,0.533771,-0.002021,0.192516,0.42656,-0.029097,0.188393,0.356342,-0.045658,0.188282,0.287125,-0.052786
Y,0.310738,0.845884,-0.0,0.397345,0.760627,-0.031825,0.447685,0.619639,-0.035131,0.472567,0.487612,-0.039551,0.491333,0.391204,-0.037584,0.376615,0.527753,0.02018,0.386574,0.431066,-0.015211,0.391692,0.485966,-0.040711,0.399637,0.547506,-0.05037,0.324106,0.524083,0.019294,0.337048,0.407404,-0.035491,0.352921,0.486169,-0.071131,0.363916,0.566387,-0.080872,0.268278,0.524548,0.009371,0.274931,0.416234,-0.04325,0.307201,0.493817,-0.065931,0.329479,0.570055,-0.065385,0.210777,0.532176,-0.003047,0.193443,0.424714,-0.03071,0.189236,0.355219,-0.047553,0.189699,0.286608,-0.054797
Y,0.309421,0.84376,-0.0,0.396726,0.759909,-0.032728,0.448089,0.619094,-0.036424,0.473914,0.487315,-0.040934,0.493273,0.39153,-0.03907,0.377266,0.528015,0.018254,0.386949,0.433772,-0.017953,0.392409,0.488592,-0.044004,0.400969,0.550247,-0.053979,0.324358,0.523965,0.017551,0.338404,0.407551,-0.037767,0.354693,0.487527,-0.073202,0.365988,0.568806,-0.082734,0.268147,0.524126,0.00777,0.27546,0.415754,-0.045703,0.306658,0.494264,-0.068212,0.327736,0.570784,-0.06736,0.210013,0.531567,-0.004497,0.192879,0.424224,-0.032459,0.189031,0.355515,-0.048975,0.18971,0.287577,-0.055924
Y,0.312036,0.84569,-0.0,0.398452,0.758886,-0.030733,0.447777,0.618869,-0.034043,0.47276,0.487598,-0.038932,0.491584,0.391229,-0.037492,0.375097,0.527983,0.022223,0.38612,0.431733,-0.013219,0.392375,0.48824,-0.038955,0.400702,0.549648,-0.048738,0.323343,0.524319,0.020701,0.337267,0.407101,-0.03447,0.353198,0.487853,-0.070485,0.363526,0.568523,-0.080224,0.268466,0.525042,0.010196,0.275967,0.416417,-0.042193,0.308233,0.495248,-0.064247,0.329218,0.571343,-0.063135,0.211518,0.533304,-0.002765,0.193888,0.425912,-0.02966,0.190943,0.355762,-0.045822,0.191931,0.285868,-0.052619
Y,0.309491,0.843648,-0.0,0.395937,0.759919,-0.033342,0.44723,0.62013,-0.037577,0.473058,0.488256,-0.042511,0.492018,0.39158,-0.041031,0.376372,0.528972,0.016855,0.386013,0.433759,-0.018683,0.390849,0.48865,-0.043791,0.398399,0.54964,-0.053233,0.323447,0.524888,0.016311,0.337741,0.408231,-0.038443,0.353414,0.488088,-0.073322,0.363958,0.568324,-0.082639,0.267376,0.525139,0.006772,0.273724,0.416733,-0.04605,0.305384,0.494465,-0.06795,0.327081,0.570031,-0.066905,0.209389,0.532623,-0.005324,0.192548,0.424438,-0.032924,0.188606,0.355686,-0.048863,0.188807,0.287493,-0.055496
Y,0.307694,0.842578,-0.0,0.393951,0.760362,-0.0333,0.444735,0.619894,-0.037357,0.471323,0.487934,-0.042021,0.490361,0.390897,-0.040421,0.375789,0.530177,0.01621,0.385022,0.434147,-0.01894,0.38945,0.487436,-0.043916,0.397535,0.547271,-0.053565,0.32225,0.525431,0.015956,0.336493,0.409347,-0.038944,0.351592,0.48962,-0.07372,0.361972,0.570747,-0.082879,0.265648,0.525258,0.006825,0.271091,0.41638,-0.04564,0.302783,0.493347,-0.06764,0.325225,0.568789,-0.066778,0.207723,0.532495,-0.004857,0.190846,0.425029,-0.032331,0.186917,0.356995,-0.048573,0.187457,0.289676,-0.055489
Y,0.305982,0.843069,-0.0,0.39281,0.76059,-0.03382,0.443703,0.617658,-0.037713,0.4692,0.484604,-0.042171,0.487786,0.386209,-0.04044,0.375407,0.526983,0.017427,0.382895,0.433324,-0.018203,0.388074,0.484387,-0.044232,0.397969,0.543457,-0.054683,0.321141,0.522573,0.017342,0.33497,0.409484,-0.038056,0.349764,0.490439,-0.073398,0.360474,0.572898,-0.082831,0.26391,0.523037,0.008164,0.269431,0.414962,-0.044364,0.30051,0.492465,-0.066245,0.322836,0.569035,-0.065232,0.205255,0.53171,-0.003724,0.188109,0.423748,-0.030959,0.184041,0.355513,-0.047073,0.184891,0.288572,-0.05387
Y,0.308287,0.844639,-0.0,0.393901,0.759476,-0.033234,0.44392,0.61846,-0.037608,0.468841,0.486314,-0.042819,0.48755,0.388938,-0.041911,0.373571,0.526767,0.01665,0.380626,0.430865,-0.019477,0.386638,0.483874,-0.045089,0.395687,0.543279,-0.054925,0.320153,0.523241,0.015659,0.333124,0.405562,-0.040156,0.349135,0.485369,-0.075465,0.360085,0.565798,-0.084665,0.263534,0.524807,0.005702,0.26859,0.416362,-0.047998,0.30089,0.493077,-0.07001,0.3237,0.567889,-0.068628,0.205014,0.534228,-0.00679,0.187627,0.425775,-0.034947,0.184499,0.357117,-0.050878,0.185649,0.289352,-0.057271
Y,0.306156,0.843748,-0.0,0.392606,0.759911,-0.033832,0.443529,0.617607,-0.038299,0.468683,0.485938,-0.043186,0.487614,0.388516,-0.041919,0.373015,0.525534,0.014048,0.379116,0.430521,-0.022224,0.385748,0.483871,-0.048002,0.396422,0.54346,-0.058107,0.318991,0.522632,0.013493,0.332028,0.408303,-0.042367,0.349188,0.489872,-0.077513,0.361418,0.571603,-0.086843,0.261973,0.524136,0.004054,0.266701,0.416102,-0.049045,0.300322,0.492986,-0.071234,0.324599,0.568548,-0.070407,0.2035,0.533582,-0.008004,0.185391,0.424762,-0.035746,0.181599,0.356451,-0.052009,0.182374,0.289484,-0.058867
Y,0.306419,0.843725,-0.0,0.392389,0.759253,-0.034014,0.442548,0.618117,-0.038637,0.467721,0.486188,-0.043664,0.486178,0.38791,-0.042542,0.372047,0.526492,0.01497,0.378638,0.430026,-0.020987,0.385029,0.482483,-0.046686,0.394975,0.541778,-0.056751,0.318021,0.523489,0.014661,0.331592,0.407515,-0.041173,0.348292,0.489254,-0.076715,0.359815,0.571278,-0.086188,0.260838,0.525324,0.005476,0.266109,0.416577,-0.04775,0.299746,0.49316,-0.070237,0.323782,0.568527,-0.069475,0.20223,0.535149,-0.006263,0.184485,0.426761,-0.03406,0.180905,0.358945,-0.050257,0.181592,0.292435,-0.056995
Y,0.306645,0.842621,-0.0,0.392577,0.759598,-0.034159,0.44237,0.61875,-0.038826,0.467133,0.487115,-0.043936,0.48597,0.38964,-0.042965,0.372878,0.526142,0.014941,0.378961,0.429406,-0.021067,0.38517,0.482276,-0.047038,0.394452,0.542168,-0.057268,0.318408,0.522782,0.014773,0.330865,0.407078,-0.040544,0.348026,0.488559,-0.076015,0.35979,0.570008,-0.085674,0.261208,0.524735,0.005718,0.265955,0.416228,-0.04715,0.299396,0.492062,-0.069474,0.322903,0.566575,-0.068755,0.202892,0.534591,-0.005932,0.185214,0.425636,-0.033637,0.181802,0.357655,-0.049635,0.18235,0.290605,-0.056274
Y,0.306758,0.840666,-0.0,0.392807,0.757629,-0.033982,0.441429,0.618551,-0.038878,0.4662,0.487364,-0.044249,0.485279,0.390389,-0.043503,0.372637,0.527939,0.014477,0.378932,0.430426,-0.021839,0.384609,0.483803,-0.047824,0.393472,0.544003,-0.057883,0.318635,0.524444,0.014422,0.331644,0.408296,-0.041435,0.348221,0.490105,-0.076919,0.359494,0.572116,-0.086305,0.262004,0.525601,0.005543,0.267219,0.417388,-0.047488,0.299964,0.494066,-0.069734,0.322912,0.569245,-0.068751,0.204074,0.534316,-0.005889,0.18584,0.42629,-0.033424,0.181829,0.358599,-0.049379,0.181917,0.291401,-0.0559
Y,0.306532,0.841644,-0.0,0.391083,0.760264,-0.035626,0.441163,0.61855,-0.04089,0.466414,0.486537,-0.046161,0.485582,0.387931,-0.045167,0.37126,0.525921,0.012518,0.377221,0.429025,-0.023501,0.383828,0.483054,-0.049317,0.394247,0.544066,-0.059476,0.317116,0.523387,0.013375,0.330522,0.409977,-0.042448,0.348148,0.493314,-0.077708,0.360531,0.576783,-0.087133,0.260658,0.524893,0.005304,0.266887,0.417637,-0.047047,0.300777,0.494665,-0.069256,0.324685,0.570195,-0.068748,0.203313,0.534475,-0.005538,0.183457,0.427372,-0.032613,0.17976,0.359807,-0.048986,0.180742,0.293208,-0.056168
Y,0.305438,0.843615,-0.0,0.390828,0.761827,-0.035516,0.441005,0.619435,-0.040745,0.466004,0.486778,-0.045925,0.484495,0.387499,-0.044868,0.371173,0.52689,0.011819,0.377083,0.430175,-0.024735,0.383531,0.483719,-0.050921,0.393822,0.54417,-0.06129,0.316548,0.523867,0.012273,0.329911,0.410014,-0.043957,0.3481,0.493253,-0.079501,0.360904,0.57704,-0.089048,0.259591,0.525421,0.003818,0.264775,0.418223,-0.048894,0.299965,0.493639,-0.071746,0.325091,0.568587,-0.071658,0.201845,0.535095,-0.007358,0.182025,0.426535,-0.034782,0.177696,0.357938,-0.051418,0.177934,0.290643,-0.058771
Y,0.305685,0.848084,-0.0,0.390744,0.762965,-0.033907,0.440036,0.618873,-0.039107,0.464976,0.48598,-0.0451,0.483738,0.385358,-0.045057,0.370277,0.52494,0.014612,0.377635,0.427492,-0.023033,0.383932,0.483685,-0.050031,0.392658,0.54576,-0.06037,0.316082,0.523361,0.014025,0.329535,0.41006,-0.042457,0.345091,0.492041,-0.078037,0.355547,0.573212,-0.087395,0.259268,0.526591,0.004395,0.265397,0.420261,-0.048442,0.297784,0.495613,-0.070144,0.320787,0.569894,-0.068833,0.201695,0.537551,-0.007934,0.183011,0.428027,-0.034898,0.17952,0.359317,-0.05021,0.180316,0.29235,-0.056303
Y,0.307584,0.845923,-0.0,0.392919,0.76028,-0.032646,0.441211,0.617264,-0.037433,0.465743,0.484575,-0.043322,0.484098,0.384394,-0.043597,0.370275,0.525301,0.015449,0.376517,0.428351,-0.020446,0.38503,0.480623,-0.046277,0.396576,0.538656,-0.056472,0.316488,0.523683,0.014533,0.329333,0.41027,-0.041614,0.345988,0.492757,-0.076978,0.356824,0.574218,-0.086292,0.260051,0.526127,0.00494,0.265001,0.419935,-0.047796,0.298215,0.497395,-0.0691,0.321394,0.572999,-0.067523,0.202373,0.536798,-0.007165,0.181922,0.427907,-0.033968,0.177617,0.359412,-0.049042,0.177,0.292365,-0.055051
Y,0.30732,0.846228,-0.0,0.392303,0.760176,-0.031945,0.441102,0.615928,-0.036261,0.465832,0.483348,-0.041707,0.484366,0.383271,-0.041533,0.369468,0.524783,0.015783,0.376334,0.427426,-0.018892,0.385217,0.480552,-0.043656,0.396603,0.538164,-0.053327,0.316024,0.52379,0.01476,0.328939,0.410398,-0.040414,0.3458,0.492772,-0.075438,0.356375,0.573255,-0.084792,0.259921,0.526554,0.005226,0.265315,0.420759,-0.046739,0.299396,0.498036,-0.068119,0.322933,0.572894,-0.066909,0.202747,0.537417,-0.006726,0.181523,0.427767,-0.033136,0.177555,0.358662,-0.048321,0.177128,0.290958,-0.054625
Y,0.307366,0.846976,-0.0,0.392503,0.762433,-0.033452,0.440734,0.619491,-0.038334,0.46513,0.486025,-0.044218,0.483849,0.38553,-0.044137,0.370114,0.52578,0.015831,0.375483,0.428966,-0.019616,0.383259,0.484554,-0.04459,0.39486,0.542524,-0.054384,0.316525,0.523887,0.015126,0.32857,0.408218,-0.041064,0.345988,0.492055,-0.076375,0.358135,0.572827,-0.085646,0.25997,0.526242,0.005604,0.264323,0.419339,-0.047872,0.298564,0.498903,-0.069757,0.322813,0.574243,-0.068431,0.202014,0.536898,-0.006428,0.181311,0.429113,-0.034125,0.17683,0.361212,-0.050017,0.176179,0.293502,-0.056565
Y,0.307705,0.849437,-0.0,0.392365,0.765038,-0.032317,0.441453,0.620057,-0.036817,0.465765,0.486708,-0.042458,0.484643,0.388148,-0.042018,0.367365,0.524436,0.01368,0.373802,0.426739,-0.019778,0.382851,0.485523,-0.041757,0.394718,0.542966,-0.049868,0.314567,0.523129,0.012475,0.327016,0.406825,-0.042076,0.345016,0.495615,-0.074325,0.356691,0.576899,-0.081734,0.259033,0.526041,0.002866,0.265668,0.417565,-0.049826,0.299339,0.501789,-0.068791,0.321721,0.578207,-0.065616,0.201745,0.538028,-0.009148,0.180976,0.429325,-0.036915,0.177696,0.362422,-0.051672,0.17676,0.295595,-0.057335
